SALESORDERID,CREATEDBY,CREATEDAT,CHANGEDBY,CHANGEDAT,FISCVARIANT,FISCALYEARPERIOD,NOTEID,PARTNERID,SALESORG,CURRENCY,GROSSAMOUNT,NETAMOUNT,TAXAMOUNT,LIFECYCLESTATUS,BILLINGSTATUS,DELIVERYSTATUS
500000000,4,20180111,4,20180116,K4,2018001,,100000022,APJ,USD,13587,11888.625,1698.375,C,C,C
500000001,2,20180112,2,20180115,K4,2018001,,100000026,EMEA,USD,12622,11044.25,1577.75,C,C,C
500000002,5,20180115,5,20180120,K4,2018001,,100000018,APJ,USD,45655,39948.125,5706.875,C,C,C
500000003,3,20180115,3,20180120,K4,2018001,,100000009,EMEA,USD,101786,89062.75,12723.25,C,C,C
500000004,8,20180116,8,20180117,K4,2018001,,100000025,EMEA,USD,71684,62723.5,8960.5,C,C,C
500000005,8,20180116,8,20180119,K4,2018001,,100000008,EMEA,USD,104213,91186.375,13026.625,C,C,C
500000006,3,20180117,3,20180120,K4,2018001,,100000038,EMEA,USD,173987,152238.625,21748.375,C,C,C
500000007,4,20180119,4,20180121,K4,2018001,,100000020,APJ,USD,1398,1223.25,174.75,C,C,C
500000008,3,20180120,3,20180122,K4,2018001,,100000028,EMEA,USD,127803,111827.625,15975.375,C,C,C
500000009,4,20180121,4,20180122,K4,2018001,,100000021,APJ,USD,79101,69213.375,9887.625,C,C,C
500000010,1,20180124,1,20180126,K4,2018001,,100000004,AMER,USD,10322,9031.75,1290.25,C,C,C
500000011,4,20180127,4,20180130,K4,2018001,,100000020,APJ,USD,99421,86993.375,12427.625,C,C,C
500000012,4,20180130,4,20180204,K4,2018001,,100000022,APJ,USD,15630,13676.25,1953.75,C,C,C
500000013,11,20180202,11,20180205,K4,2018002,,100000031,AMER,USD,70162,61391.75,8770.25,C,C,C
500000014,11,20180203,11,20180205,K4,2018002,,100000033,AMER,USD,32734,28642.25,4091.75,C,C,C
500000015,10,20180204,10,20180209,K4,2018002,,100000032,AMER,USD,21194,18544.75,2649.25,C,C,C
500000016,8,20180205,8,20180210,K4,2018002,,100000025,EMEA,USD,40691,35604.625,5086.375,C,C,C
500000017,13,20180206,13,20180211,K4,2018002,,100000030,AMER,USD,75228,65824.5,9403.5,C,C,C
500000018,1,20180206,1,20180207,K4,2018002,,100000034,AMER,USD,2871,2512.125,358.875,C,C,C
500000019,12,20180207,12,20180210,K4,2018002,,100000034,AMER,USD,27515,24075.625,3439.375,C,C,C
500000020,11,20180209,11,20180212,K4,2018002,,100000001,AMER,USD,57880,50645.0,7235.0,C,C,C
500000021,7,20180209,7,20180212,K4,2018002,,100000001,AMER,USD,379,331.625,47.375,C,C,C
500000022,3,20180210,3,20180214,K4,2018002,,100000011,EMEA,USD,6950,6081.25,868.75,C,C,C
500000023,3,20180213,3,20180217,K4,2018002,,100000012,EMEA,USD,85808,75082.0,10726.0,C,C,C
500000024,4,20180213,4,20180214,K4,2018002,,100000015,APJ,USD,95368,83447.0,11921.0,C,C,C
500000025,2,20180214,2,20180216,K4,2018002,,100000010,EMEA,USD,55575,48628.125,6946.875,C,C,C
500000026,2,20180215,2,20180220,K4,2018002,,100000012,EMEA,USD,85918,75178.25,10739.75,C,C,C
500000027,5,20180218,5,20180221,K4,2018002,,100000016,APJ,USD,104374,91327.25,13046.75,C,C,C
500000028,4,20180219,4,20180223,K4,2018002,,100000019,APJ,USD,70930,62063.75,8866.25,C,C,C
500000029,5,20180220,5,20180222,K4,2018002,,100000020,APJ,USD,95673,83713.875,11959.125,C,C,C
500000030,8,20180222,8,20180226,K4,2018002,,100000028,EMEA,USD,76022,66519.25,9502.75,C,C,C
500000031,2,20180223,2,20180225,K4,2018002,,100000011,EMEA,USD,49552,43358.0,6194.0,C,C,C
500000032,9,20180223,9,20180228,K4,2018002,,100000030,AMER,USD,57255,50098.125,7156.875,C,C,C
500000033,4,20180224,4,20180228,K4,2018002,,100000023,APJ,USD,73179,64031.625,9147.375,C,C,C
500000034,4,20180227,4,20180303,K4,2018002,,100000021,APJ,USD,30737,26894.875,3842.125,C,C,C
500000035,14,20180301,14,20180302,K4,2018003,,100000004,AMER,USD,50897,44534.875,6362.125,C,C,C
500000036,2,20180302,2,20180305,K4,2018003,,100000010,EMEA,USD,96759,84664.125,12094.875,C,C,C
500000037,8,20180303,8,20180308,K4,2018003,,100000038,EMEA,USD,6048,5292.0,756.0,C,C,C
500000038,9,20180304,9,20180305,K4,2018003,,100000001,AMER,USD,46443,40637.625,5805.375,C,C,C
500000039,2,20180305,2,20180306,K4,2018003,,100000007,EMEA,USD,13248,11592.0,1656.0,C,C,C
500000040,8,20180306,8,20180311,K4,2018003,,100000005,EMEA,USD,43638,38183.25,5454.75,C,C,C
500000041,8,20180307,8,20180308,K4,2018003,,100000009,EMEA,USD,29100,25462.5,3637.5,C,C,C
500000042,6,20180310,6,20180314,K4,2018003,,100000025,EMEA,USD,31474,27539.75,3934.25,C,C,C
500000043,6,20180311,6,20180313,K4,2018003,,100000039,EMEA,USD,35479,31044.125,4434.875,C,C,C
500000044,4,20180314,4,20180317,K4,2018003,,100000021,APJ,USD,1266,1107.75,158.25,C,C,C
500000045,2,20180316,2,20180320,K4,2018003,,100000014,EMEA,USD,9000,7875.0,1125.0,C,C,C
500000046,4,20180319,4,20180321,K4,2018003,,100000024,APJ,USD,95561,83615.875,11945.125,C,C,C
500000047,8,20180320,8,20180322,K4,2018003,,100000038,EMEA,USD,2288,2002.0,286.0,C,C,C
500000048,6,20180321,6,20180326,K4,2018003,,100000014,EMEA,USD,60113,52598.875,7514.125,C,C,C
500000049,8,20180321,8,20180325,K4,2018003,,100000009,EMEA,USD,75646,66190.25,9455.75,C,C,C
500000050,4,20180324,4,20180326,K4,2018003,,100000020,APJ,USD,56388,49339.5,7048.5,C,C,C
500000051,4,20180327,4,20180401,K4,2018003,,100000021,APJ,USD,21980,19232.5,2747.5,C,C,C
500000052,5,20180328,5,20180401,K4,2018003,,100000022,APJ,USD,15643,13687.625,1955.375,C,C,C
500000053,2,20180329,2,20180331,K4,2018003,,100000039,EMEA,USD,23778,20805.75,2972.25,C,C,C
500000054,9,20180330,9,20180403,K4,2018003,,100000030,AMER,USD,37718,33003.25,4714.75,C,C,C
500000055,3,20180401,3,20180404,K4,2018004,,100000014,EMEA,USD,70615,61788.125,8826.875,C,C,C
500000056,1,20180403,1,20180404,K4,2018004,,100000033,AMER,USD,98082,85821.75,12260.25,C,C,C
500000057,9,20180406,9,20180410,K4,2018004,,100000034,AMER,USD,29441,25760.875,3680.125,C,C,C
500000058,7,20180407,7,20180409,K4,2018004,,100000000,AMER,USD,82715,72375.625,10339.375,C,C,C
500000059,2,20180410,2,20180412,K4,2018004,,100000009,EMEA,USD,50763,44417.625,6345.375,C,C,C
500000060,4,20180413,4,20180414,K4,2018004,,100000015,APJ,USD,55380,48457.5,6922.5,C,C,C
500000061,3,20180415,3,20180419,K4,2018004,,100000008,EMEA,USD,52312,45773.0,6539.0,C,C,C
500000062,11,20180416,11,20180419,K4,2018004,,100000003,AMER,USD,1598,1398.25,199.75,C,C,C
500000063,9,20180419,9,20180422,K4,2018004,,100000004,AMER,USD,157214,137562.25,19651.75,C,C,C
500000064,4,20180420,4,20180422,K4,2018004,,100000023,APJ,USD,86746,75902.75,10843.25,C,C,C
500000065,4,20180422,4,20180423,K4,2018004,,100000016,APJ,USD,79857,69874.875,9982.125,C,C,C
500000066,13,20180424,13,20180425,K4,2018004,,100000032,AMER,USD,3245,2839.375,405.625,C,C,C
500000067,6,20180424,6,20180428,K4,2018004,,100000029,EMEA,USD,30531,26714.625,3816.375,C,C,C
500000068,6,20180424,6,20180426,K4,2018004,,100000010,EMEA,USD,61101,53463.375,7637.625,C,C,C
500000069,2,20180426,2,20180430,K4,2018004,,100000009,EMEA,USD,60306,52767.75,7538.25,C,C,C
500000070,9,20180427,9,20180502,K4,2018004,,100000034,AMER,USD,51608,45157.0,6451.0,C,C,C
500000071,4,20180427,4,20180429,K4,2018004,,100000023,APJ,USD,20880,18270.0,2610.0,C,C,C
500000072,5,20180427,5,20180428,K4,2018004,,100000021,APJ,USD,127657,111699.875,15957.125,C,C,C
500000073,8,20180428,8,20180430,K4,2018004,,100000006,EMEA,USD,8091,7079.625,1011.375,C,C,C
500000074,6,20180501,6,20180503,K4,2018005,,100000028,EMEA,USD,115705,101241.875,14463.125,C,C,C
500000075,5,20180504,5,20180507,K4,2018005,,100000015,APJ,USD,97518,85328.25,12189.75,C,C,C
500000076,1,20180506,1,20180511,K4,2018005,,100000033,AMER,USD,102586,89762.75,12823.25,C,C,C
500000077,4,20180506,4,20180508,K4,2018005,,100000017,APJ,USD,28086,24575.25,3510.75,C,C,C
500000078,10,20180509,10,20180511,K4,2018005,,100000001,AMER,USD,62302,54514.25,7787.75,C,C,C
500000079,1,20180511,1,20180516,K4,2018005,,100000032,AMER,USD,59180,51782.5,7397.5,C,C,C
500000080,13,20180513,13,20180517,K4,2018005,,100000004,AMER,USD,103772,90800.5,12971.5,C,C,C
500000081,1,20180516,1,20180519,K4,2018005,,100000032,AMER,USD,24845,21739.375,3105.625,C,C,C
500000082,3,20180519,3,20180522,K4,2018005,,100000012,EMEA,USD,12989,11365.375,1623.625,C,C,C
500000083,3,20180519,3,20180523,K4,2018005,,100000035,EMEA,USD,29118,25478.25,3639.75,C,C,C
500000084,6,20180519,6,20180523,K4,2018005,,100000027,EMEA,USD,87561,76615.875,10945.125,C,C,C
500000085,10,20180521,10,20180525,K4,2018005,,100000002,AMER,USD,48373,42326.375,6046.625,C,C,C
500000086,14,20180523,14,20180524,K4,2018005,,100000004,AMER,USD,21695,18983.125,2711.875,C,C,C
500000087,3,20180525,3,20180526,K4,2018005,,100000029,EMEA,USD,70368,61572.0,8796.0,C,C,C
500000088,10,20180528,10,20180602,K4,2018005,,100000002,AMER,USD,73949,64705.375,9243.625,C,C,C
500000089,13,20180530,13,20180603,K4,2018005,,100000033,AMER,USD,41484,36298.5,5185.5,C,C,C
500000090,10,20180601,10,20180603,K4,2018006,,100000001,AMER,USD,86264,75481.0,10783.0,C,C,C
500000091,2,20180603,2,20180607,K4,2018006,,100000035,EMEA,USD,28191,24667.125,3523.875,C,C,C
500000092,2,20180606,2,20180609,K4,2018006,,100000037,EMEA,USD,42500,37187.5,5312.5,C,C,C
500000093,4,20180609,4,20180611,K4,2018006,,100000020,APJ,USD,43266,37857.75,5408.25,C,C,C
500000094,4,20180609,4,20180613,K4,2018006,,100000018,APJ,USD,26337,23044.875,3292.125,C,C,C
500000095,8,20180612,8,20180617,K4,2018006,,100000014,EMEA,USD,9593,8393.875,1199.125,C,C,C
500000096,8,20180612,8,20180615,K4,2018006,,100000029,EMEA,USD,97311,85147.125,12163.875,C,C,C
500000097,12,20180614,12,20180615,K4,2018006,,100000032,AMER,USD,59317,51902.375,7414.625,C,C,C
500000098,4,20180615,4,20180616,K4,2018006,,100000024,APJ,USD,109554,95859.75,13694.25,C,C,C
500000099,5,20180617,5,20180619,K4,2018006,,100000015,APJ,USD,41279,36119.125,5159.875,C,C,C
500000100,6,20180619,6,20180623,K4,2018006,,100000014,EMEA,USD,53830,47101.25,6728.75,C,C,C
500000101,13,20180621,13,20180623,K4,2018006,,100000001,AMER,USD,46601,40775.875,5825.125,C,C,C
500000102,8,20180622,8,20180626,K4,2018006,,100000026,EMEA,USD,7191,6292.125,898.875,C,C,C
500000103,8,20180625,8,20180630,K4,2018006,,100000010,EMEA,USD,96695,84608.125,12086.875,C,C,C
500000104,8,20180628,8,20180630,K4,2018006,,100000008,EMEA,USD,17510,15321.25,2188.75,C,C,C
500000105,14,20180630,14,20180704,K4,2018006,,100000030,AMER,USD,55179,48281.625,6897.375,C,C,C
500000106,3,20180703,3,20180706,K4,2018007,,100000005,EMEA,USD,44294,38757.25,5536.75,C,C,C
500000107,12,20180705,12,20180708,K4,2018007,,100000034,AMER,USD,86805,75954.375,10850.625,C,C,C
500000108,11,20180706,11,20180708,K4,2018007,,100000000,AMER,USD,55623,48670.125,6952.875,C,C,C
500000109,4,20180706,4,20180710,K4,2018007,,100000022,APJ,USD,54990,48116.25,6873.75,C,C,C
500000110,3,20180707,3,20180710,K4,2018007,,100000009,EMEA,USD,65091,56954.625,8136.375,C,C,C
500000111,2,20180707,2,20180712,K4,2018007,,100000026,EMEA,USD,30464,26656.0,3808.0,C,C,C
500000112,4,20180710,4,20180713,K4,2018007,,100000017,APJ,USD,62204,54428.5,7775.5,X,X,X
500000113,9,20180712,9,20180715,K4,2018007,,100000001,AMER,USD,107321,93905.875,13415.125,C,C,C
500000114,12,20180713,12,20180716,K4,2018007,,100000034,AMER,USD,14807,12956.125,1850.875,C,C,C
500000115,12,20180715,12,20180717,K4,2018007,,100000003,AMER,USD,75693,66231.375,9461.625,C,C,C
500000116,3,20180716,3,20180717,K4,2018007,,100000036,EMEA,USD,4392,3843.0,549.0,C,C,C
500000117,8,20180719,8,20180722,K4,2018007,,100000027,EMEA,USD,12495,10933.125,1561.875,C,C,C
500000118,4,20180721,4,20180724,K4,2018007,,100000015,APJ,USD,66584,58261.0,8323.0,C,C,C
500000119,4,20180722,4,20180725,K4,2018007,,100000019,APJ,USD,71699,62736.625,8962.375,C,C,C
500000120,4,20180722,4,20180726,K4,2018007,,100000016,APJ,USD,81501,71313.375,10187.625,C,C,C
500000121,5,20180723,5,20180728,K4,2018007,,100000021,APJ,USD,55266,48357.75,6908.25,C,C,C
500000122,5,20180724,5,20180727,K4,2018007,,100000020,APJ,USD,35318,30903.25,4414.75,C,C,C
500000123,1,20180724,1,20180725,K4,2018007,,100000033,AMER,USD,43924,38433.5,5490.5,C,C,C
500000124,3,20180726,3,20180727,K4,2018007,,100000008,EMEA,USD,71289,62377.875,8911.125,C,C,C
500000125,6,20180726,6,20180729,K4,2018007,,100000028,EMEA,USD,32093,28081.375,4011.625,C,C,C
500000126,3,20180727,3,20180728,K4,2018007,,100000006,EMEA,USD,193987,169738.625,24248.375,C,C,C
500000127,4,20180727,4,20180729,K4,2018007,,100000023,APJ,USD,51985,45486.875,6498.125,C,C,C
500000128,1,20180727,1,20180728,K4,2018007,,100000032,AMER,USD,29097,25459.875,3637.125,C,C,C
500000129,3,20180730,3,20180801,K4,2018007,,100000005,EMEA,USD,109947,96203.625,13743.375,C,C,C
500000130,6,20180802,6,20180805,K4,2018008,,100000038,EMEA,USD,110778,96930.75,13847.25,C,C,C
500000131,10,20180805,10,20180810,K4,2018008,,100000001,AMER,USD,86689,75852.875,10836.125,C,C,C
500000132,8,20180808,8,20180809,K4,2018008,,100000029,EMEA,USD,17493,15306.375,2186.625,C,C,C
500000133,5,20180811,5,20180815,K4,2018008,,100000016,APJ,USD,6003,5252.625,750.375,C,C,C
500000134,5,20180814,5,20180816,K4,2018008,,100000024,APJ,USD,33409,29232.875,4176.125,C,C,C
500000135,4,20180817,4,20180820,K4,2018008,,100000020,APJ,USD,131393,114968.875,16424.125,C,C,C
500000136,3,20180820,3,20180823,K4,2018008,,100000009,EMEA,USD,47816,41839.0,5977.0,C,C,C
500000137,2,20180820,2,20180821,K4,2018008,,100000007,EMEA,USD,55372,48450.5,6921.5,C,C,C
500000138,12,20180820,12,20180825,K4,2018008,,100000033,AMER,USD,81833,71603.875,10229.125,C,C,C
500000139,6,20180823,6,20180824,K4,2018008,,100000014,EMEA,USD,51576,45129.0,6447.0,C,C,C
500000140,5,20180823,5,20180828,K4,2018008,,100000015,APJ,USD,99871,87387.125,12483.875,C,C,C
500000141,5,20180825,5,20180830,K4,2018008,,100000023,APJ,USD,47703,41740.125,5962.875,C,C,C
500000142,11,20180828,11,20180830,K4,2018008,,100000004,AMER,USD,33890,29653.75,4236.25,C,C,C
500000143,5,20180829,5,20180901,K4,2018008,,100000020,APJ,USD,21862,19129.25,2732.75,C,C,C
500000144,4,20180901,4,20180905,K4,2018009,,100000023,APJ,USD,60566,52995.25,7570.75,C,C,C
500000145,8,20180901,8,20180902,K4,2018009,,100000007,EMEA,USD,40539,35471.625,5067.375,C,C,C
500000146,5,20180903,5,20180905,K4,2018009,,100000020,APJ,USD,90216,78939.0,11277.0,C,C,C
500000147,2,20180903,2,20180906,K4,2018009,,100000036,EMEA,USD,45043,39412.625,5630.375,C,C,C
500000148,14,20180903,14,20180906,K4,2018009,,100000004,AMER,USD,109812,96085.5,13726.5,C,C,C
500000149,4,20180906,4,20180910,K4,2018009,,100000018,APJ,USD,62687,54851.125,7835.875,C,C,C
500000150,5,20180906,5,20180909,K4,2018009,,100000023,APJ,USD,72691,63604.625,9086.375,C,C,C
500000151,3,20180908,3,20180910,K4,2018009,,100000039,EMEA,USD,14874,13014.75,1859.25,C,C,C
500000152,2,20180911,2,20180912,K4,2018009,,100000014,EMEA,USD,64433,56378.875,8054.125,C,C,C
500000153,4,20180912,4,20180913,K4,2018009,,100000016,APJ,USD,69265,60606.875,8658.125,C,C,C
500000154,2,20180912,2,20180915,K4,2018009,,100000037,EMEA,USD,124062,108554.25,15507.75,C,C,C
500000155,8,20180915,8,20180920,K4,2018009,,100000035,EMEA,USD,70063,61305.125,8757.875,C,C,C
500000156,2,20180915,2,20180918,K4,2018009,,100000039,EMEA,USD,108752,95158.0,13594.0,C,C,C
500000157,9,20180917,9,20180920,K4,2018009,,100000003,AMER,USD,105359,92189.125,13169.875,C,C,C
500000158,2,20180919,2,20180922,K4,2018009,,100000011,EMEA,USD,80064,70056.0,10008.0,C,C,C
500000159,8,20180922,8,20180924,K4,2018009,,100000011,EMEA,USD,52131,45614.625,6516.375,C,C,C
500000160,6,20180925,6,20180929,K4,2018009,,100000028,EMEA,USD,54468,47659.5,6808.5,C,C,C
500000161,2,20180926,2,20180929,K4,2018009,,100000039,EMEA,USD,9889,8652.875,1236.125,C,C,C
500000162,9,20180929,9,20181004,K4,2018009,,100000002,AMER,USD,29389,25715.375,3673.625,C,C,C
500000163,3,20180929,3,20181002,K4,2018009,,100000025,EMEA,USD,59089,51702.875,7386.125,C,C,C
500000164,12,20180929,12,20181003,K4,2018009,,100000004,AMER,USD,33252,29095.5,4156.5,X,X,X
500000165,2,20180929,2,20181003,K4,2018009,,100000005,EMEA,USD,112475,98415.625,14059.375,C,C,C
500000166,8,20181001,8,20181004,K4,2018010,,100000009,EMEA,USD,77065,67431.875,9633.125,C,C,C
500000167,12,20181002,12,20181007,K4,2018010,,100000003,AMER,USD,23589,20640.375,2948.625,C,C,C
500000168,6,20181002,6,20181005,K4,2018010,,100000025,EMEA,USD,126222,110444.25,15777.75,C,C,C
500000169,12,20181005,12,20181010,K4,2018010,,100000002,AMER,USD,1245,1089.375,155.625,C,C,C
500000170,3,20181007,3,20181011,K4,2018010,,100000009,EMEA,USD,59796,52321.5,7474.5,C,C,C
500000171,4,20181007,4,20181012,K4,2018010,,100000021,APJ,USD,153971,134724.625,19246.375,C,C,C
500000172,5,20181010,5,20181011,K4,2018010,,100000017,APJ,USD,120706,105617.75,15088.25,C,C,C
500000173,4,20181012,4,20181013,K4,2018010,,100000023,APJ,USD,28871,25262.125,3608.875,C,C,C
500000174,6,20181012,6,20181016,K4,2018010,,100000025,EMEA,USD,119863,104880.125,14982.875,C,C,C
500000175,5,20181012,5,20181013,K4,2018010,,100000017,APJ,USD,104790,91691.25,13098.75,C,C,C
500000176,9,20181013,9,20181017,K4,2018010,,100000033,AMER,USD,50791,44442.125,6348.875,C,C,C
500000177,8,20181013,8,20181015,K4,2018010,,100000014,EMEA,USD,44276,38741.5,5534.5,C,C,C
500000178,13,20181016,13,20181020,K4,2018010,,100000002,AMER,USD,173567,151871.125,21695.875,C,C,C
500000179,8,20181018,8,20181019,K4,2018010,,100000008,EMEA,USD,7794,6819.75,974.25,C,C,C
500000180,8,20181020,8,20181021,K4,2018010,,100000038,EMEA,USD,104780,91682.5,13097.5,C,C,C
500000181,10,20181022,10,20181027,K4,2018010,,100000030,AMER,USD,18841,16485.875,2355.125,C,C,C
500000182,6,20181025,6,20181029,K4,2018010,,100000005,EMEA,USD,38007,33256.125,4750.875,C,C,C
500000183,4,20181028,4,20181031,K4,2018010,,100000021,APJ,USD,82166,71895.25,10270.75,C,C,C
500000184,6,20181028,6,20181101,K4,2018010,,100000038,EMEA,USD,55998,48998.25,6999.75,C,C,C
500000185,4,20181030,4,20181104,K4,2018010,,100000015,APJ,USD,71013,62136.375,8876.625,C,C,C
500000186,1,20181030,1,20181103,K4,2018010,,100000000,AMER,USD,46464,40656.0,5808.0,C,C,C
500000187,3,20181102,3,20181107,K4,2018011,,100000008,EMEA,USD,6951,6082.125,868.875,C,C,C
500000188,7,20181105,7,20181106,K4,2018011,,100000031,AMER,USD,3203,2802.625,400.375,C,C,C
500000189,2,20181107,2,20181109,K4,2018011,,100000036,EMEA,USD,3990,3491.25,498.75,C,C,C
500000190,13,20181109,13,20181114,K4,2018011,,100000002,AMER,USD,8737,7644.875,1092.125,C,C,C
500000191,2,20181111,2,20181114,K4,2018011,,100000014,EMEA,USD,28161,24640.875,3520.125,C,C,C
500000192,13,20181111,13,20181116,K4,2018011,,100000032,AMER,USD,140293,122756.375,17536.625,C,C,C
500000193,6,20181112,6,20181114,K4,2018011,,100000039,EMEA,USD,82210,71933.75,10276.25,C,C,C
500000194,4,20181115,4,20181120,K4,2018011,,100000019,APJ,USD,8393,7343.875,1049.125,C,C,C
500000195,4,20181116,4,20181120,K4,2018011,,100000017,APJ,USD,71455,62523.125,8931.875,C,C,C
500000196,5,20181117,5,20181122,K4,2018011,,100000020,APJ,USD,79331,69414.625,9916.375,C,C,C
500000197,2,20181117,2,20181118,K4,2018011,,100000037,EMEA,USD,5996,5246.5,749.5,C,C,C
500000198,6,20181117,6,20181118,K4,2018011,,100000028,EMEA,USD,69065,60431.875,8633.125,C,C,C
500000199,4,20181119,4,20181124,K4,2018011,,100000016,APJ,USD,13728,12012.0,1716.0,C,C,C
500000200,9,20181119,9,20181123,K4,2018011,,100000000,AMER,USD,35580,31132.5,4447.5,C,C,C
500000201,8,20181119,8,20181121,K4,2018011,,100000035,EMEA,USD,31499,27561.625,3937.375,C,C,C
500000202,6,20181119,6,20181121,K4,2018011,,100000008,EMEA,USD,82097,71834.875,10262.125,C,C,C
500000203,2,20181120,2,20181122,K4,2018011,,100000039,EMEA,USD,57864,50631.0,7233.0,C,C,C
500000204,5,20181121,5,20181123,K4,2018011,,100000021,APJ,USD,41499,36311.625,5187.375,C,C,C
500000205,8,20181121,8,20181126,K4,2018011,,100000013,EMEA,USD,127879,111894.125,15984.875,C,C,C
500000206,6,20181124,6,20181125,K4,2018011,,100000010,EMEA,USD,134326,117535.25,16790.75,C,C,C
500000207,11,20181124,11,20181126,K4,2018011,,100000030,AMER,USD,62755,54910.625,7844.375,C,C,C
500000208,2,20181125,2,20181129,K4,2018011,,100000038,EMEA,USD,73880,64645.0,9235.0,C,C,C
500000209,5,20181126,5,20181127,K4,2018011,,100000020,APJ,USD,92995,81370.625,11624.375,C,C,C
500000210,10,20181128,10,20181203,K4,2018011,,100000034,AMER,USD,63743,55775.125,7967.875,C,C,C
500000211,5,20181130,5,20181205,K4,2018011,,100000023,APJ,USD,41599,36399.125,5199.875,C,C,C
500000212,6,20181201,6,20181206,K4,2018012,,100000013,EMEA,USD,52489,45927.875,6561.125,C,C,C
500000213,11,20181201,11,20181204,K4,2018012,,100000004,AMER,USD,69101,60463.375,8637.625,C,C,C
500000214,8,20181201,8,20181204,K4,2018012,,100000011,EMEA,USD,78788,68939.5,9848.5,C,C,C
500000215,6,20181203,6,20181205,K4,2018012,,100000036,EMEA,USD,89743,78525.125,11217.875,C,C,C
500000216,7,20181205,7,20181210,K4,2018012,,100000033,AMER,USD,83483,73047.625,10435.375,C,C,C
500000217,5,20181207,5,20181211,K4,2018012,,100000019,APJ,USD,79639,69684.125,9954.875,C,C,C
500000218,5,20181207,5,20181208,K4,2018012,,100000022,APJ,USD,77415,67738.125,9676.875,C,C,C
500000219,1,20181207,1,20181210,K4,2018012,,100000001,AMER,USD,8986,7862.75,1123.25,C,C,C
500000220,11,20181210,11,20181211,K4,2018012,,100000002,AMER,USD,2241,1960.875,280.125,C,C,C
500000221,3,20181211,3,20181216,K4,2018012,,100000029,EMEA,USD,77130,67488.75,9641.25,C,C,C
500000222,5,20181213,5,20181218,K4,2018012,,100000017,APJ,USD,156424,136871.0,19553.0,C,C,C
500000223,4,20181215,4,20181217,K4,2018012,,100000023,APJ,USD,33076,28941.5,4134.5,C,C,C
500000224,2,20181216,2,20181219,K4,2018012,,100000028,EMEA,USD,25623,22420.125,3202.875,C,C,C
500000225,3,20181219,3,20181220,K4,2018012,,100000006,EMEA,USD,113112,98973.0,14139.0,C,C,C
500000226,6,20181221,6,20181222,K4,2018012,,100000036,EMEA,USD,10043,8787.625,1255.375,C,C,C
500000227,5,20181223,5,20181226,K4,2018012,,100000024,APJ,USD,9600,8400.0,1200.0,C,C,C
500000228,3,20181224,3,20181226,K4,2018012,,100000025,EMEA,USD,61793,54068.875,7724.125,C,C,C
500000229,4,20181225,4,20181226,K4,2018012,,100000017,APJ,USD,1356,1186.5,169.5,C,C,C
500000230,4,20181227,4,20181229,K4,2018012,,100000017,APJ,USD,66098,57835.75,8262.25,C,C,C
500000231,6,20181230,6,20181231,K4,2018012,,100000008,EMEA,USD,53949,47205.375,6743.625,C,C,C
500000232,2,20190102,2,20190104,K4,2019001,,100000037,EMEA,USD,43370,37948.75,5421.25,C,C,C
500000233,5,20190104,5,20190107,K4,2019001,,100000019,APJ,USD,12836,11231.5,1604.5,C,C,C
500000234,1,20190105,1,20190110,K4,2019001,,100000032,AMER,USD,51889,45402.875,6486.125,C,C,C
500000235,8,20190106,8,20190108,K4,2019001,,100000037,EMEA,USD,74952,65583.0,9369.0,C,C,C
500000236,1,20190109,1,20190112,K4,2019001,,100000031,AMER,USD,76542,66974.25,9567.75,C,C,C
500000237,2,20190111,2,20190115,K4,2019001,,100000035,EMEA,USD,35181,30783.375,4397.625,C,C,C
500000238,9,20190111,9,20190112,K4,2019001,,100000001,AMER,USD,49230,43076.25,6153.75,C,C,C
500000239,3,20190113,3,20190115,K4,2019001,,100000037,EMEA,USD,133675,116965.625,16709.375,C,C,C
500000240,2,20190115,2,20190120,K4,2019001,,100000025,EMEA,USD,51997,45497.375,6499.625,C,C,C
500000241,2,20190117,2,20190120,K4,2019001,,100000027,EMEA,USD,116842,102236.75,14605.25,C,C,C
500000242,8,20190120,8,20190122,K4,2019001,,100000037,EMEA,USD,192075,168065.625,24009.375,C,C,C
500000243,10,20190121,10,20190124,K4,2019001,,100000031,AMER,USD,69109,60470.375,8638.625,C,C,C
500000244,9,20190122,9,20190127,K4,2019001,,100000030,AMER,USD,165757,145037.375,20719.625,C,C,C
500000245,2,20190125,2,20190130,K4,2019001,,100000029,EMEA,USD,16998,14873.25,2124.75,C,C,C
500000246,4,20190126,4,20190127,K4,2019001,,100000023,APJ,USD,14810,12958.75,1851.25,C,C,C
500000247,14,20190128,14,20190129,K4,2019001,,100000033,AMER,USD,43491,38054.625,5436.375,C,C,C
500000248,8,20190130,8,20190201,K4,2019001,,100000006,EMEA,USD,22378,19580.75,2797.25,C,C,C
500000249,5,20190202,5,20190203,K4,2019002,,100000023,APJ,USD,102365,89569.375,12795.625,C,C,C
500000250,8,20190203,8,20190206,K4,2019002,,100000039,EMEA,USD,95985,83986.875,11998.125,C,C,C
500000251,5,20190204,5,20190208,K4,2019002,,100000024,APJ,USD,29394,25719.75,3674.25,C,C,C
500000252,8,20190204,8,20190208,K4,2019002,,100000006,EMEA,USD,67009,58632.875,8376.125,C,C,C
500000253,6,20190205,6,20190206,K4,2019002,,100000010,EMEA,USD,23683,20722.625,2960.375,C,C,C
500000254,8,20190207,8,20190211,K4,2019002,,100000011,EMEA,USD,1596,1396.5,199.5,C,C,C
500000255,3,20190210,3,20190213,K4,2019002,,100000036,EMEA,USD,77608,67907.0,9701.0,C,C,C
500000256,8,20190210,8,20190213,K4,2019002,,100000013,EMEA,USD,157261,137603.375,19657.625,C,C,C
500000257,8,20190210,8,20190211,K4,2019002,,100000035,EMEA,USD,8266,7232.75,1033.25,C,C,C
500000258,2,20190212,2,20190217,K4,2019002,,100000009,EMEA,USD,16399,14349.125,2049.875,C,C,C
500000259,6,20190215,6,20190216,K4,2019002,,100000035,EMEA,USD,73573,64376.375,9196.625,C,C,C
500000260,2,20190217,2,20190219,K4,2019002,,100000025,EMEA,USD,101024,88396.0,12628.0,C,C,C
500000261,4,20190219,4,20190223,K4,2019002,,100000019,APJ,USD,82217,71939.875,10277.125,C,C,C
500000262,2,20190222,2,20190224,K4,2019002,,100000013,EMEA,USD,107652,94195.5,13456.5,C,C,C
500000263,3,20190222,3,20190226,K4,2019002,,100000013,EMEA,USD,43992,38493.0,5499.0,C,C,C
500000264,5,20190225,5,20190228,K4,2019002,,100000019,APJ,USD,64578,56505.75,8072.25,C,C,C
500000265,11,20190227,11,20190303,K4,2019002,,100000002,AMER,USD,126885,111024.375,15860.625,C,C,C
500000266,1,20190228,1,20190305,K4,2019002,,100000001,AMER,USD,10998,9623.25,1374.75,C,C,C
500000267,4,20190303,4,20190305,K4,2019003,,100000018,APJ,USD,71977,62979.875,8997.125,C,C,C
500000268,4,20190306,4,20190308,K4,2019003,,100000019,APJ,USD,71677,62717.375,8959.625,C,C,C
500000269,8,20190308,8,20190310,K4,2019003,,100000026,EMEA,USD,51832,45353.0,6479.0,C,C,C
500000270,3,20190311,3,20190315,K4,2019003,,100000013,EMEA,USD,135856,118874.0,16982.0,C,C,C
500000271,5,20190314,5,20190319,K4,2019003,,100000022,APJ,USD,6384,5586.0,798.0,C,C,C
500000272,5,20190316,5,20190320,K4,2019003,,100000020,APJ,USD,133010,116383.75,16626.25,C,C,C
500000273,14,20190318,14,20190322,K4,2019003,,100000032,AMER,USD,153073,133938.875,19134.125,C,C,C
500000274,9,20190321,9,20190326,K4,2019003,,100000030,AMER,USD,84470,73911.25,10558.75,C,C,C
500000275,4,20190323,4,20190324,K4,2019003,,100000016,APJ,USD,34807,30456.125,4350.875,C,C,C
500000276,4,20190324,4,20190326,K4,2019003,,100000024,APJ,USD,125849,110117.875,15731.125,C,C,C
500000277,8,20190327,8,20190331,K4,2019003,,100000009,EMEA,USD,45986,40237.75,5748.25,C,C,C
500000278,8,20190328,8,20190330,K4,2019003,,100000013,EMEA,USD,23155,20260.625,2894.375,C,C,C
500000279,1,20190331,1,20190403,K4,2019003,,100000033,AMER,USD,50696,44359.0,6337.0,C,C,C
500000280,2,20190402,2,20190406,K4,2019004,,100000038,EMEA,USD,71416,62489.0,8927.0,C,C,C
500000281,13,20190404,13,20190405,K4,2019004,,100000033,AMER,USD,82497,72184.875,10312.125,C,C,C
500000282,5,20190407,5,20190410,K4,2019004,,100000023,APJ,USD,182951,160082.125,22868.875,C,C,C
500000283,1,20190410,1,20190411,K4,2019004,,100000033,AMER,USD,6201,5425.875,775.125,C,C,C
500000284,10,20190410,10,20190412,K4,2019004,,100000004,AMER,USD,64502,56439.25,8062.75,C,C,C
500000285,2,20190411,2,20190412,K4,2019004,,100000027,EMEA,USD,53005,46379.375,6625.625,C,C,C
500000286,12,20190414,12,20190415,K4,2019004,,100000032,AMER,USD,11580,10132.5,1447.5,C,C,C
500000287,5,20190417,5,20190422,K4,2019004,,100000024,APJ,USD,79400,69475.0,9925.0,C,C,C
500000288,3,20190418,3,20190419,K4,2019004,,100000025,EMEA,USD,28587,25013.625,3573.375,C,C,C
500000289,6,20190419,6,20190420,K4,2019004,,100000008,EMEA,USD,6687,5851.125,835.875,C,C,C
500000290,2,20190420,2,20190422,K4,2019004,,100000005,EMEA,USD,130393,114093.875,16299.125,C,C,C
500000291,3,20190422,3,20190425,K4,2019004,,100000006,EMEA,USD,115202,100801.75,14400.25,C,C,C
500000292,7,20190423,7,20190427,K4,2019004,,100000032,AMER,USD,14095,12333.125,1761.875,C,C,C
500000293,12,20190426,12,20190501,K4,2019004,,100000004,AMER,USD,123584,108136.0,15448.0,C,C,C
500000294,8,20190429,8,20190503,K4,2019004,,100000006,EMEA,USD,66763,58417.625,8345.375,C,C,C
500000295,8,20190429,8,20190502,K4,2019004,,100000011,EMEA,USD,36979,32356.625,4622.375,C,C,C
500000296,3,20190429,3,20190502,K4,2019004,,100000039,EMEA,USD,96921,84805.875,12115.125,C,C,C
500000297,11,20190501,11,20190503,K4,2019005,,100000003,AMER,USD,68558,59988.25,8569.75,C,C,C
500000298,2,20190502,2,20190507,K4,2019005,,100000028,EMEA,USD,13345,11676.875,1668.125,C,C,C
500000299,4,20190504,4,20190509,K4,2019005,,100000019,APJ,USD,110679,96844.125,13834.875,C,C,C
500000300,9,20190507,9,20190509,K4,2019005,,100000004,AMER,USD,145567,127371.125,18195.875,C,C,C
500000301,2,20190508,2,20190510,K4,2019005,,100000013,EMEA,USD,20968,18347.0,2621.0,C,C,C
500000302,6,20190510,6,20190512,K4,2019005,,100000037,EMEA,USD,62193,54418.875,7774.125,C,C,C
500000303,13,20190512,13,20190513,K4,2019005,,100000002,AMER,USD,74136,64869.0,9267.0,C,C,C
500000304,12,20190515,12,20190519,K4,2019005,,100000033,AMER,USD,95667,83708.625,11958.375,C,C,C
500000305,7,20190515,7,20190517,K4,2019005,,100000030,AMER,USD,150631,131802.125,18828.875,C,C,C
500000306,2,20190516,2,20190520,K4,2019005,,100000035,EMEA,USD,92625,81046.875,11578.125,C,C,C
500000307,13,20190519,13,20190521,K4,2019005,,100000002,AMER,USD,49093,42956.375,6136.625,C,C,C
500000308,9,20190519,9,20190522,K4,2019005,,100000001,AMER,USD,137532,120340.5,17191.5,X,X,X
500000309,5,20190521,5,20190525,K4,2019005,,100000021,APJ,USD,67219,58816.625,8402.375,C,C,C
500000310,1,20190524,1,20190529,K4,2019005,,100000004,AMER,USD,49893,43656.375,6236.625,I,C,I
500000311,5,20190524,5,20190525,K4,2019005,,100000016,APJ,USD,44627,39048.625,5578.375,C,C,C
500000312,8,20190525,8,20190527,K4,2019005,,100000008,EMEA,USD,55065,48181.875,6883.125,C,C,C
500000313,2,20190528,2,20190530,K4,2019005,,100000011,EMEA,USD,73561,64365.875,9195.125,C,C,C
500000314,6,20190530,6,20190603,K4,2019005,,100000039,EMEA,USD,39905,34916.875,4988.125,I,I,I
500000315,4,20190531,4,20190604,K4,2019005,,100000024,APJ,USD,38783,33935.125,4847.875,C,C,C
500000316,2,20190602,2,20190604,K4,2019006,,100000029,EMEA,USD,2880,2520.0,360.0,I,I,I
500000317,10,20190602,10,20190604,K4,2019006,,100000031,AMER,USD,16196,14171.5,2024.5,I,I,C
500000318,5,20190605,5,20190608,K4,2019006,,100000022,APJ,USD,124157,108637.375,15519.625,I,I,I
500000319,5,20190608,5,20190609,K4,2019006,,100000024,APJ,USD,53533,46841.375,6691.625,I,I,C
500000320,8,20190610,8,20190615,K4,2019006,,100000013,EMEA,USD,37505,32816.875,4688.125,I,I,C
500000321,2,20190612,2,20190615,K4,2019006,,100000005,EMEA,USD,123784,108311.0,15473.0,I,I,C
500000322,8,20190615,8,20190618,K4,2019006,,100000036,EMEA,USD,43268,37859.5,5408.5,I,I,C
500000323,8,20190615,8,20190617,K4,2019006,,100000037,EMEA,USD,100036,87531.5,12504.5,I,I,C
500000324,6,20190616,6,20190617,K4,2019006,,100000013,EMEA,USD,13777,12054.875,1722.125,I,I,C
500000325,13,20190617,13,20190621,K4,2019006,,100000001,AMER,USD,87591,76642.125,10948.875,I,I,C
500000326,13,20190617,13,20190618,K4,2019006,,100000004,AMER,USD,54809,47957.875,6851.125,I,I,C
500000327,1,20190617,1,20190622,K4,2019006,,100000003,AMER,USD,17066,14932.75,2133.25,I,I,I
500000328,8,20190618,8,20190620,K4,2019006,,100000036,EMEA,USD,11016,9639.0,1377.0,I,I,I
500000329,7,20190619,7,20190620,K4,2019006,,100000031,AMER,USD,90621,79293.375,11327.625,I,I,C
500000330,11,20190622,11,20190626,K4,2019006,,100000000,AMER,USD,113871,99637.125,14233.875,I,I,C
500000331,3,20190625,3,20190626,K4,2019006,,100000009,EMEA,USD,12693,11106.375,1586.625,I,I,I
500000332,13,20190627,13,20190701,K4,2019006,,100000034,AMER,USD,70528,61712.0,8816.0,I,I,C
500000333,5,20190627,5,20190701,K4,2019006,,100000022,APJ,USD,16576,14504.0,2072.0,I,I,I
500000334,12,20190225,2,20180305,K4,2018009,,100000032,EMEA,USD,44276,30903.25,3934.25,C,C,I
500000335,4,20181121,7,20180321,K4,2018012,,100000022,AMER,USD,75646,66190.25,11921.0,I,X,X
500000336,9,20180301,10,20180615,K4,2018010,,100000024,AMER,USD,157214,111699.875,6897.375,X,C,C
500000337,7,20180206,14,20180517,K4,2018003,,100000007,AMER,USD,10998,46841.375,6153.75,C,I,C
500000338,1,20181016,4,20180607,K4,2018009,,100000027,AMER,USD,41484,48116.25,2960.375,X,I,X
500000339,11,20180710,1,20180426,K4,2018005,,100000025,EMEA,USD,70368,45157.0,6136.625,I,C,X
500000340,8,20180214,5,20180519,K4,2018009,,100000016,EMEA,USD,127803,37859.5,2747.5,C,C,X
500000341,2,20180630,2,20180801,K4,2018010,,100000032,APJ,USD,40539,85147.125,974.25,C,X,X
500000342,3,20180516,4,20180716,K4,2018004,,100000011,APJ,USD,100036,151871.125,16709.375,C,I,X
500000343,4,20190204,2,20180225,K4,2019003,,100000035,EMEA,USD,33409,94195.5,6498.125,I,C,X
500000344,7,20190419,6,20180507,K4,2018002,,100000000,EMEA,USD,21980,100801.75,10948.875,I,X,I
500000345,9,20190422,5,20190129,K4,2019006,,100000033,AMER,USD,127657,64869.0,199.5,X,C,C
500000346,1,20181130,14,20180708,K4,2018010,,100000006,EMEA,USD,2241,14349.125,6561.125,C,C,I
500000347,2,20190215,10,20180321,K4,2018011,,100000024,APJ,USD,5996,14504.0,9916.375,I,I,I
500000348,9,20190204,3,20180225,K4,2018006,,100000032,APJ,USD,69109,6292.125,15473.0,C,C,I
500000349,10,20190524,6,20190513,K4,2018001,,100000033,AMER,USD,16196,83708.625,5748.25,C,X,X
500000350,13,20190122,11,20181013,K4,2018007,,100000016,APJ,USD,69065,48998.25,5312.5,C,X,I
500000351,11,20180922,10,20180116,K4,2018012,,100000022,APJ,USD,79639,31132.5,7414.625,X,C,I
500000352,10,20190105,4,20180511,K4,2018006,,100000006,AMER,USD,173987,84608.125,9461.625,X,C,C
500000353,12,20181012,9,20181124,K4,2018010,,100000003,APJ,USD,43924,98415.625,9925.0,I,X,C
500000354,7,20190331,2,20190308,K4,2018010,,100000021,APJ,USD,81833,43076.25,6348.875,I,I,I
500000355,11,20181130,5,20190525,K4,2019004,,100000034,EMEA,USD,71677,61712.0,3674.25,I,C,I
500000356,9,20180929,13,20190529,K4,2018007,,100000022,APJ,USD,120706,64376.375,10836.125,C,X,I
500000357,11,20180307,1,20181002,K4,2018006,,100000031,APJ,USD,22378,45773.0,8062.75,C,C,C
500000358,7,20190528,4,20190124,K4,2019004,,100000020,APJ,USD,10043,101241.875,3842.125,X,I,C
500000359,9,20181119,14,20190425,K4,2018006,,100000016,EMEA,USD,28191,64365.875,6908.25,X,C,X
500000360,12,20180311,2,20181120,K4,2019006,,100000016,EMEA,USD,70528,84608.125,8866.25,X,C,I
500000361,8,20180319,4,20190411,K4,2019005,,100000003,APJ,USD,55179,25459.875,6921.5,I,C,X
500000362,12,20180223,14,20180116,K4,2018003,,100000008,APJ,USD,49230,44442.125,868.875,X,X,C
500000363,14,20180403,9,20180704,K4,2018012,,100000031,APJ,USD,39905,14171.5,24009.375,I,C,I
500000364,7,20180121,2,20190501,K4,2019002,,100000004,EMEA,USD,76542,122756.375,3573.375,C,X,X
500000365,14,20190524,11,20180616,K4,2018008,,100000015,APJ,USD,51608,57835.75,1722.125,I,X,X
500000366,3,20180724,1,20190609,K4,2018002,,100000038,APJ,USD,75228,120340.5,11327.625,C,C,X
500000367,11,20181224,4,20180401,K4,2018004,,100000005,EMEA,USD,55179,145037.375,17536.625,C,C,X
500000368,5,20180723,2,20190609,K4,2018011,,100000003,AMER,USD,55179,2839.375,10187.625,C,C,C
500000369,12,20190622,1,20180207,K4,2018010,,100000005,APJ,USD,81833,111827.625,10948.875,C,X,X
500000370,6,20180422,7,20181211,K4,2018008,,100000022,APJ,USD,46443,23044.875,2124.75,I,C,C
500000371,2,20181230,7,20180403,K4,2019002,,100000027,APJ,USD,379,14873.25,8757.875,I,C,I
500000372,14,20180304,5,20190620,K4,2018008,,100000005,APJ,USD,17493,25459.875,11624.375,C,C,C
500000373,12,20180410,1,20180404,K4,2018012,,100000004,EMEA,USD,11580,76615.875,4176.125,I,I,X
500000374,10,20180713,5,20180729,K4,2018009,,100000030,AMER,USD,62755,62377.875,22868.875,C,I,C
500000375,13,20190105,14,20180825,K4,2018008,,100000005,AMER,USD,64502,111827.625,10948.875,I,I,X
500000376,13,20190106,10,20180522,K4,2018001,,100000028,EMEA,USD,105359,62377.875,11959.125,X,X,X
500000377,10,20180327,9,20190620,K4,2019004,,100000002,APJ,USD,35181,117535.25,15984.875,I,X,I
500000378,5,20181223,8,20180117,K4,2019006,,100000006,EMEA,USD,153971,134724.625,12115.125,I,C,I
500000379,11,20180802,3,20190322,K4,2019006,,100000039,EMEA,USD,40691,48670.125,9676.875,X,C,C
500000380,11,20180121,2,20190115,K4,2018002,,100000007,AMER,USD,95673,13014.75,6851.125,I,I,I
500000381,12,20190515,11,20181021,K4,2018006,,100000012,APJ,USD,55065,75178.25,9916.375,I,I,X
500000382,3,20190324,10,20181013,K4,2018008,,100000014,EMEA,USD,96921,76642.125,12427.625,I,I,I
500000383,2,20180630,2,20190503,K4,2018003,,100000035,EMEA,USD,48373,43076.25,1850.875,I,I,I
500000384,9,20190316,1,20181222,K4,2018008,,100000026,AMER,USD,73573,24667.125,15860.625,X,X,I
500000385,8,20180802,6,20190701,K4,2018010,,100000016,EMEA,USD,8266,108637.375,8569.75,X,X,I
500000386,8,20190420,7,20190130,K4,2018012,,100000004,AMER,USD,2241,168065.625,8770.25,C,I,X
500000387,5,20180112,5,20180915,K4,2019005,,100000015,AMER,USD,96921,67907.0,6345.375,I,C,X
500000388,14,20181227,1,20181129,K4,2019005,,100000025,APJ,USD,26337,48116.25,798.0,C,C,C
500000389,8,20181119,2,20181210,K4,2018012,,100000005,APJ,USD,96921,45614.625,20719.625,X,I,C
500000390,12,20181211,7,20181116,K4,2018012,,100000038,APJ,USD,77608,56439.25,1049.125,I,C,C
500000391,12,20180705,12,20190425,K4,2018009,,100000024,APJ,USD,103772,25760.875,6808.5,X,I,I
500000392,6,20190410,2,20190326,K4,2018012,,100000024,AMER,USD,108752,45497.375,1377.0,X,I,X
500000393,11,20180310,7,20181120,K4,2018004,,100000014,APJ,USD,7191,45157.0,2024.5,I,C,I
500000394,1,20180303,13,20180306,K4,2019005,,100000013,AMER,USD,120706,133938.875,10783.0,C,C,X
500000395,5,20180422,4,20181007,K4,2019006,,100000004,APJ,USD,1596,118874.0,3637.5,C,I,I
500000396,3,20190521,9,20190315,K4,2019005,,100000015,EMEA,USD,133675,54428.5,4350.875,C,C,X
500000397,10,20180917,4,20180426,K4,2018003,,100000023,APJ,USD,86264,3843.0,13046.75,X,C,I
500000398,6,20180204,11,20181222,K4,2018003,,100000020,EMEA,USD,29097,11106.375,756.0,C,X,X
500000399,3,20180224,14,20190219,K4,2018001,,100000001,EMEA,USD,165757,25459.875,10739.75,C,X,I
500000400,9,20180817,3,20190422,K4,2019001,,100000038,APJ,USD,123584,5252.625,11624.375,C,I,C
500000401,5,20180215,8,20180708,K4,2018009,,100000009,EMEA,USD,123584,54428.5,8376.125,X,C,I
500000402,8,20181119,6,20180820,K4,2018007,,100000019,EMEA,USD,43638,44442.125,20719.625,C,C,I
500000403,8,20180207,12,20190310,K4,2018008,,100000027,EMEA,USD,22378,89062.75,7514.125,C,X,I
500000404,5,20190215,11,20181231,K4,2019005,,100000037,AMER,USD,64578,37857.75,8997.125,C,I,X
500000405,9,20190102,3,20180713,K4,2019006,,100000034,AMER,USD,64502,45157.0,1374.75,C,C,X
500000406,7,20190117,12,20181124,K4,2018005,,100000003,AMER,USD,66098,36298.5,10187.625,C,I,X
500000407,14,20181030,5,20180821,K4,2018012,,100000027,AMER,USD,6950,89762.75,775.125,X,C,X
500000408,4,20190417,4,20180222,K4,2018004,,100000003,APJ,USD,46464,71313.375,11921.0,C,I,C
500000409,9,20180207,6,20190621,K4,2018007,,100000019,AMER,USD,49230,12333.125,5808.0,C,I,I
500000410,10,20190318,2,20181015,K4,2019005,,100000033,EMEA,USD,59317,40775.875,7414.625,I,C,X
500000411,14,20180306,1,20181216,K4,2018002,,100000033,APJ,USD,45043,2802.625,7474.5,C,C,C
500000412,14,20190122,2,20190519,K4,2018006,,100000023,EMEA,USD,29100,13676.25,3292.125,C,X,C
500000413,4,20180222,10,20181031,K4,2018005,,100000022,EMEA,USD,12495,25262.125,19134.125,X,I,C
500000414,7,20181213,5,20190110,K4,2018005,,100000007,APJ,USD,110679,61572.0,13026.625,X,I,C
500000415,3,20180919,8,20180313,K4,2018005,,100000022,AMER,USD,17493,110444.25,8569.75,I,X,X
500000416,12,20190407,7,20190519,K4,2019004,,100000035,AMER,USD,86805,73911.25,2024.5,X,X,X
500000417,1,20181010,6,20190410,K4,2018001,,100000039,AMER,USD,115705,62063.75,7386.125,I,I,X
500000418,8,20180707,4,20190213,K4,2018011,,100000015,EMEA,USD,79331,29653.75,6362.125,X,X,I
500000419,8,20190612,4,20180322,K4,2018004,,100000035,AMER,USD,43268,51902.375,8911.125,C,X,I
500000420,13,20190610,13,20190420,K4,2018001,,100000037,AMER,USD,30737,94195.5,4176.125,X,C,X
500000421,12,20190217,7,20180615,K4,2019002,,100000009,EMEA,USD,33890,89062.75,5187.375,C,I,I
500000422,14,20190610,10,20181003,K4,2018001,,100000012,APJ,USD,70528,46841.375,9567.75,X,I,X
500000423,6,20180119,5,20180507,K4,2018008,,100000023,EMEA,USD,109947,67431.875,17536.625,C,X,I
500000424,13,20190501,14,20180710,K4,2019003,,100000012,EMEA,USD,74952,9031.75,7474.5,I,I,I
500000425,5,20180316,5,20180909,K4,2019005,,100000021,EMEA,USD,64502,26714.625,2649.25,X,I,X
500000426,12,20180814,2,20181229,K4,2019003,,100000032,APJ,USD,62687,31044.125,9267.0,C,I,I
500000427,11,20180719,12,20180121,K4,2018012,,100000029,APJ,USD,182951,7875.0,10948.875,I,I,C
500000428,2,20180820,12,20180430,K4,2019001,,100000032,EMEA,USD,35479,11676.875,13026.625,I,I,I
500000429,9,20180316,13,20180724,K4,2019006,,100000035,AMER,USD,97518,28642.25,835.875,C,C,X
500000430,13,20180606,10,20190216,K4,2018011,,100000008,EMEA,USD,96759,28941.5,2948.625,C,X,I
500000431,12,20180329,8,20180121,K4,2018008,,100000020,AMER,USD,79400,38433.5,6516.375,I,C,I
500000432,1,20190531,13,20190503,K4,2018003,,100000035,APJ,USD,55372,114093.875,9633.125,X,X,I
500000433,4,20190515,6,20180228,K4,2019002,,100000006,AMER,USD,101024,42956.375,1255.375,C,I,X
500000434,3,20190512,5,20181208,K4,2019001,,100000020,AMER,USD,55266,7875.0,3674.25,X,C,X
500000435,9,20181223,1,20190512,K4,2018005,,100000006,AMER,USD,23589,11231.5,8911.125,C,I,C
500000436,13,20190207,12,20181019,K4,2019004,,100000026,AMER,USD,67219,65824.5,7048.5,C,I,C
500000437,1,20180521,11,20180210,K4,2018005,,100000000,APJ,USD,62302,5246.5,6873.75,I,C,I
500000438,2,20190225,1,20180325,K4,2018011,,100000036,EMEA,USD,41484,1960.875,9195.125,X,I,C
500000439,13,20180301,1,20180120,K4,2018009,,100000005,AMER,USD,127879,47101.25,5408.5,C,X,X
500000440,14,20180929,10,20180615,K4,2019005,,100000014,EMEA,USD,97518,9623.25,9641.25,X,C,C
500000441,9,20180127,3,20180217,K4,2018010,,100000012,EMEA,USD,82210,75954.375,9369.0,I,I,I
500000442,1,20190102,11,20180430,K4,2018004,,100000028,EMEA,USD,173567,42326.375,7514.125,I,I,I
500000443,4,20190407,14,20180221,K4,2019006,,100000015,APJ,USD,124062,137603.375,4447.5,X,I,I
500000444,13,20181227,5,20190331,K4,2018003,,100000029,AMER,USD,6048,81370.625,12823.25,I,X,X
500000445,7,20190314,13,20180630,K4,2019005,,100000019,EMEA,USD,123784,27561.625,9243.625,I,I,X
500000446,10,20180906,11,20180613,K4,2018006,,100000008,AMER,USD,8737,45927.875,3937.375,X,I,I
500000447,14,20180609,8,20181123,K4,2018004,,100000025,EMEA,USD,1596,43076.25,6451.0,X,C,C
500000448,3,20180817,12,20181011,K4,2019001,,100000002,AMER,USD,82715,38493.0,3808.0,I,I,I
500000449,1,20180706,12,20181019,K4,2018010,,100000008,EMEA,USD,77130,1089.375,1199.125,X,X,C
500000450,11,20190608,13,20180616,K4,2018011,,100000031,AMER,USD,77608,75178.25,4622.375,C,C,X
500000451,12,20180120,9,20180706,K4,2018012,,100000002,AMER,USD,119863,62723.5,5312.5,C,C,C
500000452,11,20181128,8,20190410,K4,2019004,,100000019,APJ,USD,80064,45353.0,1447.5,I,C,C
500000453,11,20180415,8,20181003,K4,2019006,,100000001,EMEA,USD,131393,8393.875,1604.5,X,C,X
500000454,12,20180609,7,20181019,K4,2018010,,100000002,EMEA,USD,173567,21739.375,7637.625,C,X,C
500000455,11,20180915,5,20180920,K4,2019006,,100000034,APJ,USD,116842,40775.875,12971.5,I,X,X
500000456,12,20180619,3,20180722,K4,2018004,,100000007,AMER,USD,64433,7232.75,5408.5,X,I,I
500000457,3,20190615,1,20190110,K4,2019002,,100000007,APJ,USD,64578,168065.625,4091.75,C,I,X
500000458,7,20190210,4,20190422,K4,2018004,,100000020,EMEA,USD,28161,69414.625,2024.5,I,C,C
500000459,7,20180705,11,20181208,K4,2018005,,100000025,AMER,USD,75228,6081.25,2188.75,I,C,C
500000460,4,20180222,2,20190107,K4,2018006,,100000013,AMER,USD,70162,11365.375,15731.125,X,C,X
500000461,2,20190618,14,20181129,K4,2018001,,100000013,EMEA,USD,15643,62717.375,4714.75,C,I,C
500000462,6,20190323,14,20180331,K4,2018010,,100000017,EMEA,USD,24845,45773.0,10339.375,C,X,X
500000463,12,20190612,12,20181206,K4,2019005,,100000019,EMEA,USD,23683,111827.625,9267.0,X,X,C
500000464,1,20180320,8,20180820,K4,2018008,,100000005,EMEA,USD,77130,7232.75,10836.125,I,X,I
500000465,13,20181124,11,20190208,K4,2018012,,100000018,APJ,USD,65091,5292.0,21748.375,I,C,I
500000466,7,20181126,4,20180306,K4,2019003,,100000022,AMER,USD,3245,7644.875,13169.875,C,X,I
500000467,5,20180509,2,20180613,K4,2019005,,100000014,EMEA,USD,59180,25262.125,9676.875,C,I,I
500000468,13,20180419,6,20180306,K4,2018007,,100000001,AMER,USD,133675,110444.25,1200.0,C,X,X
500000469,5,20190508,14,20180325,K4,2018011,,100000005,APJ,USD,6384,39412.625,2797.25,C,I,C
500000470,7,20190212,9,20180221,K4,2019003,,100000002,APJ,USD,85808,12958.75,6743.625,X,I,X
500000471,11,20181128,4,20180217,K4,2018005,,100000016,AMER,USD,68558,120340.5,1236.125,I,X,C
500000472,2,20180124,3,20180410,K4,2019003,,100000009,EMEA,USD,33890,38054.625,14982.875,I,C,X
500000473,9,20190501,11,20180325,K4,2018012,,100000037,AMER,USD,28191,56378.875,6479.0,X,I,C
500000474,12,20190410,10,20180426,K4,2018009,,100000023,AMER,USD,45655,39048.625,2732.75,X,X,X
500000475,7,20180327,6,20180906,K4,2018005,,100000004,APJ,USD,31474,31132.5,1290.25,I,C,C
500000476,12,20190519,9,20190621,K4,2018010,,100000013,APJ,USD,3990,53463.375,9235.0,C,X,C
500000477,3,20180304,13,20190529,K4,2018012,,100000034,EMEA,USD,109947,5246.5,1049.125,I,C,C
500000478,12,20180621,2,20181220,K4,2018001,,100000027,EMEA,USD,70930,7232.75,4434.875,X,I,C
500000479,12,20180621,9,20180214,K4,2018001,,100000027,AMER,USD,51985,6819.75,7637.625,I,C,X
500000480,4,20180614,6,20181012,K4,2018006,,100000000,AMER,USD,70930,52598.875,7514.125,C,X,C
500000481,5,20180419,10,20180821,K4,2019003,,100000017,EMEA,USD,29394,45157.0,11277.0,X,C,X
500000482,7,20180209,5,20180228,K4,2019004,,100000008,APJ,USD,5996,71895.25,6486.125,I,I,I
500000483,7,20190321,6,20180517,K4,2018002,,100000016,APJ,USD,86264,19580.75,5187.375,C,C,X
500000484,1,20190321,11,20180306,K4,2019001,,100000008,EMEA,USD,82166,81370.625,10229.125,C,I,C
500000485,4,20190327,5,20180823,K4,2019001,,100000026,AMER,USD,7794,61788.125,6946.875,X,C,C
500000486,2,20190610,4,20180915,K4,2018009,,100000019,APJ,USD,150631,2802.625,10312.125,I,X,I
500000487,14,20190225,1,20180313,K4,2019005,,100000023,APJ,USD,153073,331.625,5499.0,C,X,X
500000488,12,20190516,10,20181017,K4,2018005,,100000006,EMEA,USD,95368,1960.875,5159.875,I,C,C
500000489,1,20190308,3,20190330,K4,2018011,,100000018,APJ,USD,43992,25715.375,5808.0,I,I,C
500000490,3,20180820,10,20180724,K4,2019004,,100000037,EMEA,USD,56388,69874.875,8638.625,C,X,C
500000491,6,20180311,6,20180522,K4,2018003,,100000006,APJ,USD,71289,2002.0,6999.75,C,I,C
500000492,13,20181221,7,20180616,K4,2018007,,100000022,AMER,USD,2880,6082.125,4988.125,X,C,X
500000493,2,20190616,14,20190403,K4,2018008,,100000037,EMEA,USD,157214,90800.5,2960.375,C,C,I
500000494,14,20180912,6,20190626,K4,2019001,,100000031,APJ,USD,1596,48457.5,13026.625,C,I,I
500000495,2,20180205,12,20181124,K4,2019006,,100000019,APJ,USD,95667,110117.875,15731.125,X,X,I
500000496,4,20180506,2,20180422,K4,2018002,,100000031,EMEA,USD,74136,27539.75,4622.375,X,C,C
500000497,10,20181125,4,20190201,K4,2019001,,100000022,EMEA,USD,6951,43076.25,1255.375,X,C,X
500000498,3,20181119,5,20180423,K4,2019002,,100000016,APJ,USD,109812,7862.75,1698.375,C,C,I
500000499,14,20190203,12,20190115,K4,2019001,,100000022,APJ,USD,157261,85328.25,3637.5,C,C,C
500000500,13,20190327,8,20180516,K4,2019005,,100000000,EMEA,USD,30531,83615.875,5185.5,C,C,X
500000501,8,20181109,7,20190122,K4,2018012,,100000008,EMEA,USD,21980,67907.0,5536.75,X,C,X
500000502,6,20190120,14,20190410,K4,2018008,,100000008,APJ,USD,82097,108136.0,6516.375,I,X,C
500000503,2,20190429,3,20190527,K4,2018012,,100000013,AMER,USD,35479,71939.875,7724.125,I,C,C
500000504,2,20181001,4,20180209,K4,2018009,,100000006,APJ,USD,140293,44442.125,6136.625,I,X,I
500000505,11,20181215,8,20180313,K4,2018003,,100000008,AMER,USD,51608,71834.875,2894.375,I,I,X
500000506,9,20180130,8,20180615,K4,2018011,,100000036,APJ,USD,46464,45353.0,8633.125,X,C,C
500000507,2,20180324,9,20180603,K4,2018006,,100000037,EMEA,USD,182951,64376.375,13726.5,I,X,I
500000508,14,20180922,13,20180120,K4,2018003,,100000021,APJ,USD,86264,45157.0,5312.5,I,X,X
500000509,3,20181130,13,20190411,K4,2018007,,100000009,AMER,USD,17493,14349.125,6808.5,C,I,I
500000510,1,20190314,1,20180502,K4,2018007,,100000013,AMER,USD,8266,46841.375,1668.125,X,X,X
500000511,7,20180617,7,20190406,K4,2019002,,100000029,APJ,USD,9889,48357.75,6851.125,C,C,X
500000512,2,20190318,7,20180120,K4,2019003,,100000029,APJ,USD,3990,43358.0,4847.875,C,X,I
500000513,9,20190212,4,20190206,K4,2018002,,100000035,APJ,USD,46464,50098.125,6516.375,X,C,I
500000514,1,20180306,4,20181015,K4,2019002,,100000013,APJ,USD,70528,11676.875,9369.0,I,X,I
500000515,3,20181105,13,20181118,K4,2018005,,100000011,EMEA,USD,77130,108136.0,5805.375,X,X,C
500000516,14,20190525,13,20190406,K4,2018007,,100000016,AMER,USD,73880,137562.25,6516.375,I,X,X
500000517,5,20181223,9,20181003,K4,2019002,,100000008,APJ,USD,24845,37187.5,3105.625,C,X,X
500000518,4,20190323,12,20181002,K4,2019006,,100000021,APJ,USD,130393,69475.0,6851.125,I,C,I
500000519,1,20180403,14,20180210,K4,2018007,,100000008,APJ,USD,193987,14873.25,16626.25,C,C,X
500000520,4,20180121,8,20190127,K4,2018006,,100000035,AMER,USD,16998,40237.75,8136.375,I,I,X
500000521,4,20180207,12,20180611,K4,2019001,,100000024,AMER,USD,157261,46379.375,8136.375,C,C,X
500000522,3,20181007,4,20180609,K4,2018003,,100000025,AMER,USD,12495,52767.75,19134.125,I,C,I
500000523,2,20180712,5,20181011,K4,2018008,,100000026,AMER,USD,45986,5292.0,1199.125,X,I,I
500000524,13,20181130,5,20190410,K4,2019001,,100000039,APJ,USD,6951,111024.375,4988.125,C,C,X
500000525,7,20190516,14,20180326,K4,2019002,,100000030,EMEA,USD,57255,91691.25,4350.875,X,X,X
500000526,1,20181002,14,20190226,K4,2019001,,100000033,AMER,USD,50791,51702.875,13098.75,I,I,C
500000527,4,20180814,11,20180225,K4,2019005,,100000005,AMER,USD,62755,68939.5,11958.375,C,I,I
500000528,6,20190306,8,20180403,K4,2019004,,100000008,EMEA,USD,59317,67431.875,898.875,I,X,I
500000529,9,20180413,14,20190604,K4,2018007,,100000010,EMEA,USD,49893,85821.75,5578.375,I,I,C
500000530,4,20181215,4,20180425,K4,2018008,,100000006,EMEA,USD,193987,7875.0,2711.875,I,X,I
500000531,1,20180329,6,20180502,K4,2019006,,100000015,EMEA,USD,99421,114968.875,6498.125,X,C,C
500000532,13,20180721,7,20190203,K4,2018004,,100000014,APJ,USD,77415,19232.5,8345.375,C,C,C
500000533,2,20180124,6,20190609,K4,2019006,,100000024,EMEA,USD,71677,169738.625,1859.25,X,C,I
500000534,14,20190102,10,20180901,K4,2019002,,100000003,APJ,USD,125849,45129.0,3573.375,X,C,I
500000535,5,20190422,9,20180225,K4,2019001,,100000028,AMER,USD,55065,81046.875,6922.5,X,I,I
500000536,14,20180413,2,20180716,K4,2018004,,100000018,AMER,USD,62204,18983.125,5408.5,I,C,I
500000537,14,20181213,10,20180524,K4,2019001,,100000030,AMER,USD,153073,36399.125,3842.125,X,I,I
500000538,6,20180227,3,20190420,K4,2018004,,100000007,AMER,USD,51608,46379.375,155.625,I,I,C
500000539,13,20180606,11,20190226,K4,2018008,,100000031,EMEA,USD,76542,13014.75,8402.375,X,I,X
500000540,4,20181018,5,20181005,K4,2018003,,100000031,APJ,USD,30531,8652.875,4156.5,C,I,C
500000541,14,20180612,14,20180430,K4,2019004,,100000038,AMER,USD,36979,35604.625,5159.875,X,X,C
500000542,8,20190510,12,20181109,K4,2018001,,100000021,APJ,USD,67219,10933.125,13046.75,I,C,I
500000543,1,20180202,7,20180314,K4,2018011,,100000022,AMER,USD,110679,11676.875,8569.75,I,X,I
500000544,7,20181002,7,20181205,K4,2019002,,100000001,AMER,USD,79101,13687.625,8323.0,X,X,I
500000545,8,20190205,8,20180325,K4,2019004,,100000018,APJ,USD,48373,37948.75,14982.875,X,I,I
500000546,9,20190610,11,20181206,K4,2019001,,100000019,AMER,USD,15643,67907.0,4397.625,C,X,X
500000547,4,20180622,8,20190326,K4,2018008,,100000029,AMER,USD,108752,25462.5,15448.0,I,I,C
500000548,7,20190627,9,20181005,K4,2018001,,100000020,APJ,USD,70615,7862.75,169.5,C,C,C
500000549,12,20180204,5,20180910,K4,2018008,,100000038,APJ,USD,26337,36119.125,3937.375,I,X,X
500000550,4,20180530,1,20190609,K4,2018006,,100000002,AMER,USD,43268,3491.25,3510.75,X,I,C
500000551,6,20190602,11,20181206,K4,2018003,,100000028,APJ,USD,66763,67738.125,21748.375,C,I,C
500000552,2,20181215,12,20180805,K4,2018010,,100000015,APJ,USD,127657,38054.625,868.75,C,I,X
500000553,12,20190102,11,20180910,K4,2019005,,100000017,APJ,USD,22378,25715.375,9701.0,X,C,X
500000554,13,20180210,3,20181012,K4,2019006,,100000020,AMER,USD,89743,60470.375,18195.875,C,C,C
500000555,7,20190501,2,20190217,K4,2018009,,100000012,APJ,USD,43992,16485.875,15957.125,C,I,C
500000556,4,20181007,13,20190510,K4,2018003,,100000012,APJ,USD,30531,29095.5,2049.875,X,X,I
500000557,8,20190501,10,20181003,K4,2019002,,100000015,APJ,USD,3245,25715.375,3808.0,I,X,X
500000558,1,20190617,3,20190609,K4,2018003,,100000019,EMEA,USD,59089,19580.75,8770.25,X,I,X
500000559,14,20180917,7,20190521,K4,2019006,,100000020,AMER,USD,5996,45497.375,6851.125,I,I,I
500000560,14,20190619,8,20190701,K4,2018009,,100000027,AMER,USD,92995,40637.625,835.875,X,X,I
500000561,7,20181018,7,20180303,K4,2018004,,100000008,APJ,USD,14095,52767.75,6345.375,X,C,I
500000562,12,20180206,4,20181116,K4,2018006,,100000018,AMER,USD,24845,60463.375,7474.5,I,I,C
500000563,4,20190314,4,20181217,K4,2018007,,100000035,EMEA,USD,72691,9031.75,9633.125,X,X,I
500000564,3,20190625,13,20180308,K4,2018002,,100000008,APJ,USD,21862,64705.375,798.0,I,X,X
500000565,7,20181007,3,20190326,K4,2018009,,100000006,EMEA,USD,50763,331.625,5199.875,I,X,C
500000566,10,20180413,14,20181120,K4,2018010,,100000016,APJ,USD,73561,58417.625,14059.375,I,C,C
500000567,5,20181120,3,20190530,K4,2018007,,100000024,AMER,USD,83483,15306.375,5199.875,X,I,C
500000568,13,20190616,2,20180729,K4,2019004,,100000022,AMER,USD,55179,5586.0,6625.625,I,X,I
500000569,13,20190622,6,20190403,K4,2018002,,100000024,APJ,USD,107652,105617.75,22868.875,X,I,C
500000570,4,20180415,7,20180404,K4,2018001,,100000015,EMEA,USD,10043,45614.625,2797.25,I,C,I
500000571,14,20181216,9,20190129,K4,2018003,,100000029,APJ,USD,134326,2512.125,15088.25,C,C,C
500000572,3,20190228,11,20190211,K4,2019001,,100000026,EMEA,USD,60306,37859.5,7538.25,X,X,I
500000573,7,20180906,5,20190108,K4,2018010,,100000039,EMEA,USD,43924,72184.875,1125.0,C,C,I
500000574,6,20190121,3,20190319,K4,2018010,,100000020,AMER,USD,18841,7079.625,2124.75,I,X,X
500000575,2,20190530,4,20181218,K4,2018006,,100000039,EMEA,USD,39905,56439.25,174.75,C,C,X
500000576,2,20180416,4,20180523,K4,2018003,,100000003,EMEA,USD,4392,2512.125,3680.125,X,X,X
500000577,2,20180115,4,20190228,K4,2018008,,100000009,EMEA,USD,71455,71313.375,8072.25,X,C,C
500000578,4,20180713,1,20180302,K4,2018003,,100000023,AMER,USD,65091,37187.5,1236.125,X,I,I
500000579,9,20180501,5,20180617,K4,2018008,,100000008,EMEA,USD,77415,14504.0,9676.875,C,C,I
500000580,8,20190308,7,20180630,K4,2019004,,100000023,AMER,USD,51832,131802.125,10435.375,C,X,C
500000581,6,20181102,7,20180810,K4,2018008,,100000014,APJ,USD,6201,64705.375,12086.875,X,I,I
500000582,10,20190619,1,20180708,K4,2019004,,100000030,EMEA,USD,45655,69213.375,3520.125,C,X,X
500000583,13,20180603,9,20181210,K4,2019001,,100000028,AMER,USD,71677,60606.875,4011.625,I,I,I
500000584,3,20190615,5,20190107,K4,2018008,,100000001,APJ,USD,104780,72184.875,1011.375,C,I,I
500000585,5,20181130,6,20181124,K4,2018006,,100000030,EMEA,USD,100036,64365.875,9369.0,X,X,X
500000586,13,20181102,5,20180216,K4,2018005,,100000007,AMER,USD,124062,48457.5,14059.375,C,C,I
500000587,6,20180603,10,20180821,K4,2019005,,100000036,APJ,USD,78788,118874.0,1577.75,I,I,X
500000588,8,20181223,13,20190422,K4,2018005,,100000039,AMER,USD,60113,39948.125,16982.0,X,I,C
500000589,11,20190212,4,20181226,K4,2018010,,100000019,APJ,USD,29389,95859.75,8960.5,X,C,I
500000590,3,20190530,5,20190201,K4,2019006,,100000003,EMEA,USD,79331,75852.875,4847.875,X,C,I
500000591,1,20180614,7,20180422,K4,2018011,,100000018,APJ,USD,44627,8400.0,9848.5,I,X,I
500000592,6,20190420,7,20190604,K4,2018009,,100000013,APJ,USD,72691,40637.625,10783.0,C,C,I
500000593,7,20180814,11,20180122,K4,2018006,,100000039,AMER,USD,16196,75082.0,1255.375,X,C,C
500000594,2,20181213,10,20190622,K4,2018006,,100000000,EMEA,USD,69065,26656.0,9267.0,X,C,I
500000595,11,20180504,8,20181015,K4,2019005,,100000000,APJ,USD,86805,50098.125,6873.75,X,X,X
500000596,9,20181124,7,20181127,K4,2018005,,100000026,EMEA,USD,31474,7232.75,756.0,X,C,X
500000597,8,20180521,11,20180726,K4,2018007,,100000026,EMEA,USD,135856,52995.25,10229.125,X,I,C
500000598,6,20180207,3,20180211,K4,2018010,,100000021,AMER,USD,71416,59988.25,199.75,C,I,C
500000599,14,20180501,5,20190305,K4,2018003,,100000006,EMEA,USD,3203,96085.5,798.0,C,I,X
500000600,10,20180304,11,20190129,K4,2018001,,100000023,APJ,USD,55623,25459.875,5499.0,X,I,C
500000601,5,20180730,2,20190509,K4,2018002,,100000036,APJ,USD,96921,71933.75,24248.375,X,I,I
500000602,3,20190316,10,20180115,K4,2018011,,100000011,APJ,USD,56388,120340.5,3292.125,C,X,I
500000603,5,20180227,1,20180708,K4,2018007,,100000030,AMER,USD,76542,81370.625,6345.375,X,I,X
500000604,11,20190502,3,20181216,K4,2018010,,100000012,AMER,USD,45655,25013.625,8638.625,X,C,C
500000605,13,20190410,8,20181216,K4,2018005,,100000001,APJ,USD,90216,58261.0,10739.75,X,X,C
500000606,4,20180320,6,20181031,K4,2019001,,100000006,EMEA,USD,131393,51782.5,5578.375,C,C,I
500000607,8,20181116,7,20190620,K4,2018008,,100000010,APJ,USD,95368,69874.875,1955.375,C,X,C
500000608,10,20190504,10,20190322,K4,2018009,,100000019,EMEA,USD,43924,25013.625,169.5,I,X,I
500000609,3,20180219,6,20180825,K4,2019004,,100000036,AMER,USD,13728,37948.75,10948.875,X,I,X
500000610,13,20180719,12,20190509,K4,2019004,,100000005,APJ,USD,6003,104880.125,16299.125,I,I,C
500000611,9,20180716,14,20181106,K4,2018005,,100000017,AMER,USD,8091,44442.125,6498.125,C,X,X
500000612,2,20180307,11,20180830,K4,2019001,,100000023,APJ,USD,60566,105617.75,3639.75,C,X,C
500000613,4,20180311,3,20190226,K4,2018003,,100000020,EMEA,USD,18841,46841.375,8796.0,X,X,I
500000614,9,20180204,14,20180228,K4,2018003,,100000007,EMEA,USD,70162,44534.875,8927.0,C,I,C
500000615,8,20190519,10,20180321,K4,2018007,,100000010,AMER,USD,137532,67907.0,11958.375,X,X,I
500000616,4,20190202,1,20180825,K4,2018010,,100000037,EMEA,USD,109554,56439.25,2355.125,C,C,I
500000617,9,20190525,10,20180716,K4,2018007,,100000018,EMEA,USD,60113,6819.75,8866.25,I,X,C
500000618,9,20180917,3,20190604,K4,2018011,,100000036,AMER,USD,49093,38741.5,13594.0,C,X,X
500000619,10,20180310,8,20181027,K4,2018008,,100000011,AMER,USD,133010,168065.625,868.875,C,C,I
500000620,4,20190204,1,20180429,K4,2019003,,100000001,APJ,USD,73880,64376.375,8262.25,I,I,C
500000621,4,20181111,7,20190217,K4,2018003,,100000039,EMEA,USD,82166,33935.125,7048.5,X,X,C
500000622,5,20190510,4,20181220,K4,2019003,,100000012,EMEA,USD,16998,48457.5,47.375,I,C,X
500000623,13,20180726,5,20180412,K4,2018007,,100000039,EMEA,USD,20880,10132.5,6908.25,I,I,I
500000624,13,20190121,5,20180221,K4,2018009,,100000014,APJ,USD,79639,71895.25,868.75,C,X,X
500000625,7,20180223,1,20180724,K4,2018002,,100000006,AMER,USD,150631,32816.875,2711.875,C,I,C
500000626,12,20190126,7,20180725,K4,2018005,,100000030,EMEA,USD,23589,2512.125,12189.75,X,C,X
500000627,4,20190120,13,20190217,K4,2019006,,100000033,APJ,USD,45043,45773.0,17536.625,X,C,I
500000628,4,20190217,12,20190427,K4,2018009,,100000000,AMER,USD,62193,151871.125,3637.125,I,X,I
500000629,14,20180116,6,20180910,K4,2018012,,100000036,EMEA,USD,86689,33935.125,7844.375,I,C,X
500000630,7,20180929,10,20190129,K4,2018001,,100000036,APJ,USD,35318,75082.0,5977.0,C,I,X
500000631,12,20190507,6,20181122,K4,2018012,,100000012,AMER,USD,26337,9623.25,19657.625,X,I,X
500000632,1,20190417,5,20190427,K4,2018007,,100000021,APJ,USD,77065,25719.75,4414.75,X,I,C
500000633,12,20181025,10,20190403,K4,2018009,,100000014,APJ,USD,51576,137562.25,155.625,I,X,C
500000634,4,20180823,8,20190510,K4,2018001,,100000008,EMEA,USD,49230,60606.875,405.625,X,X,X
500000635,3,20190510,9,20181011,K4,2019006,,100000039,APJ,USD,40691,2002.0,14233.875,C,I,X
500000636,2,20190106,13,20180825,K4,2018002,,100000008,APJ,USD,126885,151871.125,4447.5,X,X,X
500000637,1,20180413,5,20181015,K4,2018012,,100000013,AMER,USD,73573,40656.0,13743.375,C,I,I
500000638,6,20180713,3,20190517,K4,2019006,,100000010,APJ,USD,16998,108637.375,14463.125,C,I,I
500000639,4,20190414,10,20181004,K4,2019006,,100000007,APJ,USD,13587,70056.0,2049.875,X,X,C
500000640,13,20190402,11,20180331,K4,2018011,,100000026,AMER,USD,37718,5586.0,14605.25,X,X,C
500000641,14,20180204,5,20180121,K4,2019005,,100000005,AMER,USD,51997,12054.875,1850.875,C,C,I
500000642,6,20190227,5,20190406,K4,2019005,,100000017,EMEA,USD,109554,40637.625,3808.0,I,X,I
500000643,13,20180204,3,20190525,K4,2019001,,100000002,EMEA,USD,13248,32816.875,9196.625,C,X,C
500000644,12,20180424,10,20181116,K4,2018008,,100000032,AMER,USD,90216,111827.625,835.875,X,C,C
500000645,7,20180919,13,20180623,K4,2019003,,100000024,EMEA,USD,26337,48457.5,1955.375,I,X,X
500000646,1,20190130,2,20180902,K4,2019006,,100000014,EMEA,USD,23778,31132.5,1290.25,X,X,I
500000647,8,20180303,4,20180209,K4,2018004,,100000008,EMEA,USD,67009,111699.875,3673.625,C,X,X
500000648,11,20180703,12,20180209,K4,2018003,,100000021,AMER,USD,67219,52995.25,7048.5,I,C,C
500000649,12,20180619,7,20190310,K4,2018009,,100000015,EMEA,USD,66098,58816.625,6499.625,X,I,C
500000650,5,20180622,2,20181208,K4,2018010,,100000001,EMEA,USD,66763,48998.25,10836.125,I,C,X
500000651,2,20180306,11,20181031,K4,2018001,,100000013,AMER,USD,86264,67431.875,17536.625,C,C,C
500000652,5,20180330,11,20180912,K4,2018007,,100000007,APJ,USD,153073,12054.875,13026.625,X,I,C
500000653,2,20180121,4,20190427,K4,2019006,,100000006,EMEA,USD,44294,39948.125,2747.5,I,I,C
500000654,7,20190122,10,20190603,K4,2019004,,100000034,AMER,USD,52489,48450.5,13834.875,C,C,X
500000655,9,20180513,5,20181021,K4,2018011,,100000027,AMER,USD,53949,36311.625,13097.5,C,I,C
500000656,8,20190321,4,20180619,K4,2018008,,100000012,EMEA,USD,50696,88396.0,5536.75,C,C,I
500000657,3,20180330,2,20190412,K4,2018003,,100000038,APJ,USD,35580,72375.625,19553.0,X,C,X
500000658,6,20181126,12,20180724,K4,2018009,,100000008,EMEA,USD,112475,56439.25,7835.875,C,I,X
500000659,2,20180919,3,20180906,K4,2018011,,100000008,EMEA,USD,145567,79293.375,7570.75,I,X,C
500000660,6,20190205,3,20181107,K4,2018002,,100000038,APJ,USD,76022,7343.875,7787.75,I,X,C
500000661,6,20181016,9,20180602,K4,2019003,,100000033,EMEA,USD,21194,14171.5,1374.75,X,X,I
500000662,12,20180222,14,20181123,K4,2019004,,100000008,APJ,USD,82715,12956.125,2732.75,X,C,I
500000663,11,20190106,5,20180602,K4,2018012,,100000011,AMER,USD,55623,2839.375,5421.25,X,I,C
500000664,11,20190311,8,20190618,K4,2018007,,100000037,EMEA,USD,150631,24075.625,10948.875,C,I,C
500000665,4,20180227,2,20180426,K4,2018011,,100000029,AMER,USD,48373,169738.625,1255.375,I,X,X
500000666,6,20180403,9,20190422,K4,2018008,,100000010,APJ,USD,53533,24667.125,5808.0,I,C,C
500000667,5,20180428,10,20180401,K4,2018010,,100000020,APJ,USD,6687,8652.875,8816.0,C,C,C
500000668,13,20190104,12,20190104,K4,2018003,,100000026,EMEA,USD,14095,6819.75,2711.875,C,C,X
500000669,11,20190622,12,20180322,K4,2019006,,100000014,EMEA,USD,134326,73047.625,10187.625,C,C,C
500000670,9,20181117,13,20180130,K4,2018009,,100000004,APJ,USD,35580,48998.25,1722.125,I,C,C
500000671,7,20180713,6,20190509,K4,2018002,,100000021,APJ,USD,29118,45157.0,9369.0,X,X,I
500000672,13,20180521,14,20190415,K4,2018005,,100000020,AMER,USD,86805,331.625,7233.0,C,C,C
500000673,10,20190204,9,20181013,K4,2018011,,100000002,EMEA,USD,140293,40775.875,2649.25,C,X,X
500000674,10,20180716,6,20180725,K4,2018001,,100000008,EMEA,USD,173987,37859.5,199.75,X,X,X
500000675,10,20180723,7,20181126,K4,2018005,,100000037,EMEA,USD,24845,45614.625,8962.375,C,C,C
500000676,8,20180223,2,20181226,K4,2018003,,100000027,AMER,USD,41599,95158.0,14139.0,C,X,C
500000677,8,20190227,3,20190620,K4,2018005,,100000020,AMER,USD,135856,95158.0,2894.375,X,C,C
500000678,6,20181223,14,20180205,K4,2019006,,100000037,AMER,USD,36979,41839.0,6362.125,C,X,X
500000679,7,20180121,5,20180615,K4,2018006,,100000023,EMEA,USD,49893,61572.0,15731.125,I,I,C
500000680,9,20180311,3,20190522,K4,2018005,,100000031,EMEA,USD,33076,56505.75,1033.25,C,C,C
500000681,2,20180516,14,20180211,K4,2018008,,100000004,AMER,USD,54809,89062.75,8876.625,X,I,X
500000682,2,20190113,10,20180306,K4,2018003,,100000019,EMEA,USD,14874,62979.875,11327.625,C,X,C
500000683,8,20190115,10,20181127,K4,2019005,,100000031,APJ,USD,84470,25462.5,8816.0,X,X,I
500000684,12,20180207,5,20190509,K4,2018011,,100000011,EMEA,USD,32734,25719.75,750.375,I,I,X
500000685,12,20181215,5,20181120,K4,2018010,,100000001,APJ,USD,29389,55775.125,3202.875,C,C,I
500000686,3,20180901,11,20181010,K4,2019003,,100000010,APJ,USD,135856,39948.125,1033.25,C,X,X
500000687,7,20180919,4,20190219,K4,2018009,,100000014,EMEA,USD,153971,45129.0,6499.625,C,X,I
500000688,7,20180617,11,20180321,K4,2018003,,100000022,EMEA,USD,72691,53463.375,10270.75,I,C,I
500000689,12,20190411,7,20190107,K4,2018002,,100000001,EMEA,USD,77608,69874.875,14233.875,X,X,X
500000690,3,20190622,14,20180825,K4,2019006,,100000012,APJ,USD,18841,31132.5,7774.125,X,X,I
500000691,5,20180301,11,20181124,K4,2019003,,100000002,APJ,USD,53533,52767.75,3673.625,C,C,C
500000692,8,20180218,13,20180314,K4,2018001,,100000004,EMEA,USD,32734,101241.875,7538.25,I,I,C
500000693,9,20180802,8,20181010,K4,2018004,,100000010,AMER,USD,70063,105617.75,8376.125,X,I,X
500000694,6,20180903,3,20190129,K4,2018002,,100000001,APJ,USD,87591,96203.625,12628.0,I,I,C
500000695,10,20190125,2,20180507,K4,2018005,,100000003,EMEA,USD,15643,11231.5,9982.125,C,C,C
500000696,10,20190102,6,20190609,K4,2018011,,100000004,EMEA,USD,71289,8393.875,15519.625,I,C,I
500000697,12,20181120,5,20180801,K4,2019003,,100000024,AMER,USD,107652,51782.5,405.625,X,X,C
500000698,7,20180127,5,20180303,K4,2019005,,100000005,APJ,USD,104374,26656.0,14400.25,C,I,C
500000699,14,20180911,6,20180423,K4,2019001,,100000029,AMER,USD,54990,54428.5,11327.625,X,C,X
500000700,2,20180215,1,20180915,K4,2019002,,100000002,EMEA,USD,99421,85147.125,15507.75,C,C,I
500000701,5,20180319,12,20180609,K4,2018003,,100000014,EMEA,USD,104780,18544.75,4176.125,I,I,C
500000702,5,20190228,3,20180929,K4,2018011,,100000002,AMER,USD,35318,18544.75,10945.125,C,X,I
500000703,11,20190227,5,20180522,K4,2019004,,100000026,EMEA,USD,102365,20260.625,14059.375,I,C,I
500000704,10,20180124,7,20180915,K4,2018012,,100000007,AMER,USD,66763,69684.125,11578.125,X,I,I
500000705,12,20180324,9,20190208,K4,2018001,,100000016,EMEA,USD,50696,7644.875,158.25,X,X,X
500000706,11,20180828,2,20181120,K4,2018008,,100000039,AMER,USD,74136,64031.625,12094.875,I,X,C
500000707,8,20180506,6,20190525,K4,2019004,,100000005,APJ,USD,52131,19232.5,1200.0,X,I,C
500000708,5,20180511,11,20190525,K4,2018008,,100000004,APJ,USD,55179,122756.375,1255.375,X,I,I
500000709,5,20190525,5,20190112,K4,2019003,,100000011,EMEA,USD,64502,25459.875,1377.0,I,C,I
500000710,2,20181130,5,20180905,K4,2018011,,100000002,APJ,USD,115705,1398.25,10739.75,I,X,X
500000711,13,20190111,8,20180715,K4,2018008,,100000016,APJ,USD,123784,5425.875,21748.375,C,X,I
500000712,13,20190120,4,20190609,K4,2018012,,100000033,APJ,USD,87561,83713.875,15519.625,X,C,X
500000713,1,20180203,9,20190507,K4,2018007,,100000009,EMEA,USD,9593,41839.0,15860.625,C,I,C
500000714,9,20180506,13,20190604,K4,2019004,,100000015,APJ,USD,45655,30903.25,10229.125,I,C,X
500000715,10,20190501,8,20190120,K4,2019005,,100000037,EMEA,USD,43491,43076.25,9567.75,X,C,I
500000716,10,20190419,11,20190120,K4,2018008,,100000011,AMER,USD,16576,69414.625,6539.0,X,I,I
500000717,4,20190109,4,20181219,K4,2018005,,100000036,EMEA,USD,102365,71313.375,16424.125,C,C,C
500000718,8,20190622,4,20190529,K4,2019006,,100000025,AMER,USD,43638,36298.5,8960.5,C,X,I
500000719,8,20180820,10,20180214,K4,2019003,,100000027,APJ,USD,52312,11106.375,2960.375,C,C,C
500000720,4,20180706,8,20190501,K4,2019002,,100000039,EMEA,USD,27515,91682.5,1851.25,I,X,I
500000721,7,20181102,7,20180519,K4,2018006,,100000039,AMER,USD,81501,31044.125,750.375,I,C,X
500000722,14,20180207,8,20190701,K4,2019004,,100000012,EMEA,USD,84470,96085.5,13834.875,I,X,C
500000723,14,20180530,10,20181125,K4,2019001,,100000037,APJ,USD,23589,86993.375,3816.375,X,X,C
500000724,8,20180530,5,20181205,K4,2018006,,100000022,APJ,USD,54990,46841.375,6873.75,I,C,I
500000725,2,20180304,2,20181002,K4,2018010,,100000033,APJ,USD,43924,5851.125,9455.75,X,I,X
500000726,11,20190324,4,20190521,K4,2018002,,100000008,EMEA,USD,53533,62736.625,1255.375,I,C,C
500000727,6,20180908,12,20181004,K4,2018001,,100000006,AMER,USD,76022,51902.375,7835.875,C,I,I
500000728,9,20181130,7,20181109,K4,2019004,,100000026,APJ,USD,49230,48181.875,3680.125,X,X,X
500000729,4,20180820,2,20190615,K4,2019002,,100000031,AMER,USD,29097,5292.0,5421.25,I,X,I
500000730,13,20180911,10,20181204,K4,2018007,,100000015,EMEA,USD,16998,89569.375,5185.5,C,C,C
500000731,2,20180415,10,20180915,K4,2019005,,100000021,EMEA,USD,8986,25462.5,6922.5,C,X,I
500000732,10,20190217,5,20190403,K4,2018003,,100000005,EMEA,USD,97311,136871.0,17191.5,C,X,C
500000733,6,20180817,6,20180401,K4,2018005,,100000004,APJ,USD,79857,41839.0,3674.25,C,I,C
500000734,4,20180523,3,20190617,K4,2018001,,100000021,APJ,USD,18841,2839.375,7414.625,C,I,I
500000735,10,20180530,12,20180716,K4,2018012,,100000026,EMEA,USD,12693,24667.125,6337.0,I,I,C
500000736,8,20180112,1,20180924,K4,2018002,,100000039,AMER,USD,29441,42956.375,15519.625,I,X,C
500000737,3,20180525,2,20180611,K4,2019004,,100000037,AMER,USD,69265,133938.875,360.0,X,I,X
500000738,5,20190524,6,20180403,K4,2018010,,100000003,EMEA,USD,53830,8652.875,400.375,C,C,X
500000739,8,20180119,2,20180305,K4,2019005,,100000031,AMER,USD,50763,60606.875,1011.375,X,I,X
500000740,5,20180903,14,20181116,K4,2018003,,100000013,EMEA,USD,43638,44442.125,756.0,I,I,I
500000741,4,20190130,13,20180611,K4,2018010,,100000005,AMER,USD,49093,45402.875,12094.875,I,X,I
500000742,3,20180511,6,20181004,K4,2018007,,100000026,AMER,USD,135856,50645.0,12628.0,C,X,I
500000743,1,20180116,2,20180710,K4,2018005,,100000019,EMEA,USD,14874,30783.375,7775.5,I,X,X
500000744,9,20180220,7,20180524,K4,2018006,,100000028,EMEA,USD,84470,67488.75,9848.5,C,C,X
500000745,2,20190207,1,20181005,K4,2019003,,100000029,EMEA,USD,16576,13676.25,1698.375,C,X,C
500000746,10,20180530,8,20181019,K4,2018007,,100000035,EMEA,USD,59796,15321.25,868.75,I,X,I
500000747,14,20180213,11,20180708,K4,2019005,,100000014,EMEA,USD,82097,1396.5,10270.75,C,I,X
500000748,8,20190525,8,20190308,K4,2019006,,100000032,EMEA,USD,62687,12956.125,8262.25,C,X,I
500000749,13,20180203,13,20180317,K4,2018011,,100000009,EMEA,USD,54809,75852.875,6447.0,C,X,C
500000750,11,20180625,10,20181116,K4,2019002,,100000001,EMEA,USD,32734,75902.75,7844.375,I,X,X
500000751,3,20180210,2,20181205,K4,2018011,,100000015,EMEA,USD,71013,134724.625,9676.875,C,I,X
500000752,3,20180307,13,20190322,K4,2019001,,100000016,AMER,USD,22378,7343.875,1199.125,X,I,I
500000753,13,20180401,8,20180922,K4,2018007,,100000014,APJ,USD,23778,75481.0,1656.0,C,C,C
500000754,10,20180428,3,20190509,K4,2018004,,100000008,EMEA,USD,90216,38757.25,21748.375,I,C,X
500000755,5,20180120,10,20180626,K4,2018004,,100000034,APJ,USD,28191,11888.625,5748.25,C,C,C
500000756,9,20190411,5,20181017,K4,2019004,,100000033,APJ,USD,43370,145037.375,9235.0,I,C,I
500000757,11,20190210,4,20181229,K4,2018012,,100000030,APJ,USD,102365,25459.875,1377.0,X,X,C
500000758,9,20180301,6,20181222,K4,2018003,,100000018,APJ,USD,62755,136871.0,2747.5,I,I,I
500000759,14,20190323,12,20190509,K4,2018007,,100000002,EMEA,USD,34807,26656.0,1236.125,C,C,I
500000760,13,20181013,10,20180729,K4,2018007,,100000015,AMER,USD,50791,91186.375,898.875,C,C,C
500000761,13,20180917,11,20180924,K4,2019002,,100000028,EMEA,USD,43268,91186.375,1586.625,C,C,X
500000762,1,20181211,14,20180820,K4,2019001,,100000013,APJ,USD,62204,83615.875,5490.5,C,X,C
500000763,14,20180410,10,20190305,K4,2018006,,100000010,EMEA,USD,80064,1186.5,15731.125,X,C,X
500000764,6,20181230,14,20190110,K4,2018012,,100000017,APJ,USD,173567,12012.0,9633.125,X,I,X
500000765,2,20181203,9,20180216,K4,2018004,,100000005,APJ,USD,115202,56954.625,1033.25,X,X,C
500000766,6,20190308,9,20190522,K4,2018008,,100000002,EMEA,USD,68558,47957.875,5748.25,C,I,X
500000767,8,20190321,9,20190530,K4,2018008,,100000009,EMEA,USD,44276,47957.875,6561.125,C,I,C
500000768,3,20180403,4,20180205,K4,2018001,,100000030,APJ,USD,137532,85821.75,3637.5,I,I,X
500000769,5,20180726,5,20181127,K4,2018001,,100000013,EMEA,USD,62755,75481.0,7414.625,X,C,X
500000770,12,20180730,6,20190615,K4,2019004,,100000018,EMEA,USD,75228,34916.875,5977.0,C,C,X
500000771,13,20190311,1,20180706,K4,2018008,,100000034,EMEA,USD,64578,54910.625,6498.125,I,X,I
500000772,4,20180427,12,20180809,K4,2019001,,100000004,APJ,USD,47816,11231.5,1761.875,C,X,X
500000773,12,20180501,6,20180210,K4,2019001,,100000002,APJ,USD,49230,28081.375,1716.0,I,I,C
500000774,7,20190619,3,20181116,K4,2019004,,100000004,EMEA,USD,55623,83708.625,1577.75,I,C,C
500000775,10,20181007,13,20181208,K4,2018010,,100000021,AMER,USD,95561,47957.875,4156.5,X,C,X
500000776,11,20180329,4,20190412,K4,2018003,,100000003,EMEA,USD,126885,2512.125,6851.125,X,X,X
500000777,8,20181115,4,20180726,K4,2018010,,100000034,APJ,USD,104374,111024.375,1236.125,C,X,C
500000778,12,20190316,12,20190622,K4,2018011,,100000003,AMER,USD,29389,2802.625,1656.0,I,I,C
500000779,8,20181213,5,20180409,K4,2018008,,100000028,AMER,USD,43992,28642.25,19246.375,C,C,I
500000780,12,20180929,4,20180726,K4,2019001,,100000007,AMER,USD,104790,48628.125,10945.125,C,C,C
500000781,5,20180321,10,20180727,K4,2019001,,100000020,APJ,USD,6951,3491.25,1561.875,C,C,I
500000782,2,20190608,9,20180205,K4,2018004,,100000021,EMEA,USD,33252,331.625,3637.5,I,I,X
500000783,6,20180719,5,20190410,K4,2018003,,100000033,APJ,USD,41279,43358.0,6922.5,C,I,X
500000784,6,20180808,14,20180209,K4,2018001,,100000018,EMEA,USD,43491,116965.625,18828.875,I,I,X
500000785,6,20180511,10,20180815,K4,2018004,,100000036,EMEA,USD,45655,26894.875,12086.875,C,I,C
500000786,6,20180516,12,20181120,K4,2019002,,100000009,APJ,USD,63743,29232.875,20719.625,C,X,I
500000787,7,20180628,4,20180607,K4,2019002,,100000019,APJ,USD,9600,56505.75,7414.625,X,X,X
500000788,3,20180823,6,20180905,K4,2018008,,100000030,EMEA,USD,131393,84608.125,6337.0,I,I,C
500000789,9,20190227,14,20181129,K4,2018010,,100000039,APJ,USD,101024,12054.875,22868.875,X,X,I
500000790,12,20181221,1,20181019,K4,2018005,,100000002,EMEA,USD,23778,44534.875,8345.375,I,I,C
500000791,8,20190525,13,20180901,K4,2018009,,100000038,EMEA,USD,102586,48357.75,1033.25,I,X,X
500000792,10,20181119,10,20180225,K4,2019003,,100000031,AMER,USD,77065,94195.5,8927.0,I,C,I
500000793,14,20190627,4,20181125,K4,2018001,,100000019,APJ,USD,11016,2839.375,2711.875,C,I,I
500000794,7,20180219,9,20180602,K4,2018007,,100000037,EMEA,USD,102365,24575.25,12628.0,X,X,I
500000795,9,20180530,13,20180906,K4,2018012,,100000033,AMER,USD,97311,71933.75,6743.625,X,C,C
500000796,11,20181221,3,20180122,K4,2019006,,100000035,APJ,USD,77065,8400.0,8658.125,I,C,X
500000797,8,20190222,13,20180404,K4,2018012,,100000020,APJ,USD,12622,48181.875,2894.375,X,I,X
500000798,12,20180619,12,20180525,K4,2018007,,100000010,EMEA,USD,53949,39048.625,11624.375,C,X,I
500000799,5,20180213,9,20181123,K4,2018007,,100000019,EMEA,USD,127657,30783.375,1125.0,X,X,C
500000800,5,20180519,5,20181205,K4,2018003,,100000018,APJ,USD,35580,93905.875,13847.25,C,X,C
500000801,3,20180130,13,20180214,K4,2018002,,100000007,APJ,USD,1266,72184.875,18828.875,X,I,C
500000802,1,20181018,6,20190124,K4,2018008,,100000000,APJ,USD,379,38757.25,2797.25,X,C,I
500000803,6,20190202,2,20180805,K4,2018004,,100000006,APJ,USD,43924,72184.875,6479.0,X,C,C
500000804,4,20180706,2,20190603,K4,2019003,,100000034,EMEA,USD,77415,83615.875,8911.125,X,X,I
500000805,8,20180719,14,20180823,K4,2018002,,100000038,AMER,USD,83483,44442.125,3637.5,I,I,I
500000806,7,20181224,2,20190609,K4,2019003,,100000023,AMER,USD,133675,28081.375,6499.625,I,I,I
500000807,11,20180304,11,20180824,K4,2018003,,100000031,EMEA,USD,37505,108637.375,3673.625,C,I,X
500000808,4,20190410,3,20181021,K4,2019006,,100000020,AMER,USD,182951,5851.125,3523.875,C,X,I
500000809,5,20180516,10,20181106,K4,2018010,,100000039,APJ,USD,150631,34916.875,750.375,C,C,I
500000810,13,20180805,14,20180929,K4,2019006,,100000016,EMEA,USD,37718,2512.125,6908.25,C,X,I
500000811,5,20180509,10,20180214,K4,2019001,,100000020,EMEA,USD,49093,67738.125,7514.125,I,I,X
500000812,5,20180716,2,20181124,K4,2018004,,100000015,EMEA,USD,73949,38054.625,8826.875,I,I,C
500000813,6,20190130,12,20180929,K4,2018007,,100000020,EMEA,USD,29394,37187.5,8054.125,C,I,X
500000814,7,20180209,13,20181109,K4,2019005,,100000018,EMEA,USD,53830,24075.625,8262.25,I,X,X
500000815,9,20190411,8,20190112,K4,2019004,,100000034,APJ,USD,123784,62063.75,20719.625,I,I,X
500000816,8,20180713,3,20190203,K4,2018002,,100000020,EMEA,USD,104374,111894.125,1656.0,I,X,X
500000817,2,20190121,9,20190621,K4,2018010,,100000006,EMEA,USD,60113,69874.875,6908.25,X,I,I
500000818,6,20190210,5,20180603,K4,2019002,,100000013,EMEA,USD,55065,29653.75,5421.25,X,X,I
500000819,2,20190411,6,20180607,K4,2018010,,100000013,EMEA,USD,6951,111699.875,5199.875,C,C,I
500000820,7,20190327,3,20180223,K4,2018005,,100000038,AMER,USD,137532,102236.75,8770.25,C,X,X
500000821,3,20180727,8,20190308,K4,2018008,,100000011,AMER,USD,1266,30903.25,13694.25,I,X,X
500000822,8,20180925,3,20180922,K4,2018005,,100000019,EMEA,USD,103772,10132.5,11959.125,I,C,I
500000823,8,20180428,11,20180320,K4,2018011,,100000031,EMEA,USD,2288,26656.0,9925.0,X,X,I
500000824,8,20190516,10,20181219,K4,2018010,,100000031,AMER,USD,62193,81046.875,174.75,C,I,C
500000825,11,20180330,9,20180623,K4,2019006,,100000013,AMER,USD,2241,58261.0,6345.375,I,I,I
500000826,5,20190202,11,20180522,K4,2018008,,100000034,EMEA,USD,71977,84608.125,2355.125,I,X,X
500000827,13,20180901,14,20181116,K4,2019005,,100000011,EMEA,USD,100036,38757.25,750.375,I,X,I
500000828,2,20180823,8,20180918,K4,2018003,,100000024,EMEA,USD,20968,71895.25,4714.75,C,C,X
500000829,11,20190125,6,20181104,K4,2019006,,100000025,AMER,USD,13587,16485.875,4434.875,I,X,I
500000830,11,20180202,10,20181210,K4,2019005,,100000035,AMER,USD,83483,20260.625,8911.125,C,C,I
500000831,10,20190610,10,20180828,K4,2018012,,100000027,EMEA,USD,105359,30456.125,4622.375,X,C,X
500000832,7,20190125,12,20181029,K4,2018010,,100000002,AMER,USD,62302,117535.25,6999.75,X,X,I
500000833,14,20181219,6,20190331,K4,2018010,,100000018,APJ,USD,26337,85328.25,2747.5,C,I,C
500000834,10,20180820,7,20180912,K4,2019002,,100000030,EMEA,USD,70063,47101.25,11959.125,C,X,I
500000835,5,20180630,1,20180409,K4,2018007,,100000009,AMER,USD,126885,39948.125,15448.0,C,C,X
500000836,1,20180917,1,20190415,K4,2018004,,100000006,APJ,USD,26337,104880.125,9641.25,X,I,C
500000837,4,20190515,13,20180322,K4,2019005,,100000038,EMEA,USD,96759,160082.125,7775.5,I,C,X
500000838,14,20180223,3,20180116,K4,2018007,,100000014,APJ,USD,32734,7875.0,6946.875,I,C,I
500000839,10,20180311,1,20180204,K4,2019003,,100000005,AMER,USD,51997,45402.875,3934.25,C,X,C
500000840,11,20190102,8,20190107,K4,2018004,,100000002,AMER,USD,38783,63604.625,9567.75,I,X,X
500000841,2,20190616,10,20190110,K4,2019004,,100000023,EMEA,USD,14807,36311.625,7844.375,C,I,X
500000842,3,20181005,8,20181120,K4,2019005,,100000011,AMER,USD,44276,43358.0,13694.25,I,X,C
500000843,13,20190217,6,20190609,K4,2018010,,100000006,APJ,USD,40539,53463.375,13415.125,C,I,C
500000844,6,20181120,6,20181012,K4,2018006,,100000034,AMER,USD,53533,61305.125,3680.125,C,C,C
500000845,7,20180917,10,20190224,K4,2018005,,100000001,EMEA,USD,73880,69475.0,10262.125,I,I,X
500000846,5,20190311,1,20190308,K4,2018005,,100000002,AMER,USD,43268,48116.25,19657.625,C,C,X
500000847,8,20180805,10,20180223,K4,2018002,,100000023,AMER,USD,95368,13014.75,19134.125,I,C,C
500000848,14,20190122,1,20180830,K4,2019006,,100000039,AMER,USD,68558,27561.625,7570.75,I,C,X
500000849,4,20180111,7,20180419,K4,2018001,,100000008,AMER,USD,86264,86993.375,13415.125,I,I,I
500000850,3,20180617,14,20180204,K4,2018008,,100000025,AMER,USD,2288,37948.75,17191.5,C,I,I
500000851,13,20190331,13,20190521,K4,2018009,,100000018,EMEA,USD,157214,61572.0,9633.125,I,X,C
500000852,6,20180320,9,20180401,K4,2019003,,100000012,EMEA,USD,33252,42956.375,13098.75,I,X,X
500000853,6,20180311,12,20180325,K4,2018012,,100000012,AMER,USD,110778,62723.5,756.0,C,I,X
500000854,1,20180403,9,20181204,K4,2018011,,100000013,EMEA,USD,98082,48628.125,12723.25,I,X,I
500000855,14,20180307,8,20181127,K4,2018003,,100000016,EMEA,USD,55380,12956.125,5536.75,I,X,X
500000856,12,20181102,9,20181002,K4,2019005,,100000013,APJ,USD,1596,30903.25,6922.5,I,X,C
500000857,3,20181117,6,20180820,K4,2018006,,100000010,APJ,USD,20880,51782.5,12723.25,C,C,X
500000858,13,20180906,11,20180613,K4,2018009,,100000036,AMER,USD,84470,65824.5,8638.625,I,X,I
500000859,4,20190622,3,20190330,K4,2018010,,100000001,EMEA,USD,38783,55775.125,4988.125,I,I,C
500000860,8,20190314,2,20180909,K4,2018003,,100000016,APJ,USD,81501,92189.125,3573.375,X,X,X
500000861,7,20180724,9,20180325,K4,2019003,,100000014,APJ,USD,23778,20722.625,6922.5,C,X,X
500000862,1,20180220,3,20180130,K4,2018003,,100000007,APJ,USD,38783,20640.375,174.75,I,C,C
500000863,7,20190316,8,20190112,K4,2019006,,100000005,AMER,USD,61793,45773.0,6539.0,C,C,C
500000864,8,20180218,8,20180704,K4,2018004,,100000038,EMEA,USD,33076,5425.875,6883.125,C,X,X
500000865,6,20180609,10,20180317,K4,2018003,,100000003,APJ,USD,73880,84805.875,19246.375,I,I,X
500000866,1,20180521,4,20180728,K4,2019002,,100000023,APJ,USD,61793,38757.25,1255.375,X,I,C
500000867,10,20180324,14,20180913,K4,2018006,,100000015,AMER,USD,86746,96930.75,7835.875,I,X,X
500000868,11,20190210,3,20190617,K4,2019003,,100000038,APJ,USD,14874,39412.625,756.0,X,I,I
500000869,8,20190608,7,20190615,K4,2019001,,100000030,AMER,USD,35181,40656.0,1716.0,I,C,I
500000870,12,20180925,11,20180212,K4,2019004,,100000033,AMER,USD,150631,108136.0,10558.75,C,X,C
500000871,9,20190219,3,20180825,K4,2018008,,100000013,AMER,USD,43924,50098.125,19246.375,I,C,X
500000872,1,20190616,3,20190112,K4,2019001,,100000006,EMEA,USD,51889,120340.5,8876.625,C,X,X
500000873,4,20190610,13,20180909,K4,2018004,,100000018,AMER,USD,53830,61788.125,3673.625,I,I,I
500000874,13,20190519,7,20180207,K4,2019001,,100000023,AMER,USD,49893,114968.875,7048.5,X,I,I
500000875,6,20180227,1,20180321,K4,2018004,,100000026,EMEA,USD,95673,34916.875,14605.25,X,I,I
500000876,14,20181205,1,20190208,K4,2018002,,100000017,APJ,USD,15643,24075.625,5185.5,C,I,I
500000877,4,20190516,3,20180725,K4,2018006,,100000036,EMEA,USD,73880,54851.125,2894.375,I,X,I
500000878,12,20181016,5,20180121,K4,2018008,,100000022,AMER,USD,57255,95158.0,3637.125,X,X,I
500000879,3,20180614,11,20180422,K4,2018008,,100000007,APJ,USD,67009,7875.0,6236.625,X,C,X
500000880,9,20180820,4,20190319,K4,2018005,,100000008,APJ,USD,57864,69414.625,12189.75,C,C,C
500000881,8,20181001,5,20181020,K4,2018009,,100000028,APJ,USD,38783,66974.25,1851.25,X,X,I
500000882,7,20190113,5,20190315,K4,2019003,,100000038,APJ,USD,53830,62979.875,21748.375,C,X,X
500000883,11,20181130,13,20180228,K4,2019001,,100000019,AMER,USD,85808,98973.0,9461.625,I,X,X
500000884,7,20190202,4,20190509,K4,2018002,,100000021,AMER,USD,49093,64031.625,10843.25,I,C,C
500000885,5,20181005,12,20181007,K4,2018006,,100000021,AMER,USD,182951,1089.375,7414.625,C,I,X
500000886,9,20190202,9,20180729,K4,2019006,,100000001,APJ,USD,1245,36311.625,9633.125,C,X,X
500000887,14,20180403,7,20190604,K4,2019004,,100000016,APJ,USD,112475,36298.5,8376.125,C,C,C
500000888,4,20181107,10,20180121,K4,2018010,,100000021,EMEA,USD,6950,26714.625,16626.25,X,C,I
500000889,14,20180621,4,20190419,K4,2018010,,100000007,AMER,USD,95368,9639.0,8637.625,C,I,X
500000890,2,20180403,1,20180120,K4,2019005,,100000028,APJ,USD,105359,72375.625,4447.5,C,I,C
500000891,4,20180828,5,20180920,K4,2019003,,100000012,EMEA,USD,145567,61572.0,7570.75,I,C,X
500000892,2,20181016,10,20180626,K4,2018010,,100000017,AMER,USD,52312,105617.75,9982.125,C,C,C
500000893,8,20181213,13,20180117,K4,2018008,,100000015,APJ,USD,47703,95158.0,775.125,X,I,X
500000894,3,20180730,2,20180401,K4,2019003,,100000001,APJ,USD,14095,46379.375,8927.0,I,I,X
500000895,6,20180506,11,20180929,K4,2018009,,100000029,AMER,USD,77608,7079.625,6499.625,X,I,C
500000896,2,20180401,12,20180727,K4,2018004,,100000034,AMER,USD,379,75082.0,11578.125,X,I,I
500000897,4,20180723,11,20180204,K4,2019005,,100000003,APJ,USD,112475,45402.875,3639.75,X,X,I
500000898,1,20180115,10,20180423,K4,2019003,,100000007,APJ,USD,54809,29095.5,4988.125,C,X,X
500000899,12,20190402,12,20190621,K4,2019006,,100000025,APJ,USD,69101,44417.625,7775.5,X,C,X
500000900,14,20180724,1,20180422,K4,2018001,,100000037,AMER,USD,12622,43076.25,19553.0,C,I,I
500000901,5,20180721,12,20190521,K4,2018009,,100000018,APJ,USD,89743,29653.75,6743.625,X,X,I
500000902,2,20180424,6,20190223,K4,2018012,,100000006,AMER,USD,6687,9031.75,1033.25,X,I,C
500000903,2,20181102,14,20181107,K4,2019006,,100000034,APJ,USD,31474,15306.375,8323.0,X,X,I
500000904,12,20190306,1,20181017,K4,2018011,,100000001,APJ,USD,15643,116383.75,21748.375,I,I,C
500000905,11,20180802,6,20181011,K4,2019003,,100000005,AMER,USD,28086,75481.0,9701.0,I,C,I
500000906,2,20180111,7,20180607,K4,2019002,,100000035,EMEA,USD,1598,15306.375,2188.75,I,X,C
500000907,12,20181102,6,20180502,K4,2018003,,100000015,AMER,USD,34807,72375.625,498.75,C,C,I
500000908,4,20180222,10,20181027,K4,2019005,,100000019,AMER,USD,192075,19129.25,13097.5,C,C,C
500000909,11,20180926,7,20181019,K4,2019001,,100000023,AMER,USD,11016,50631.0,155.625,C,X,C
500000910,2,20181126,2,20181229,K4,2018011,,100000024,EMEA,USD,16576,40237.75,5067.375,X,C,C
500000911,14,20180525,7,20190604,K4,2018008,,100000004,EMEA,USD,78788,30783.375,4011.625,I,I,I
500000912,6,20190619,8,20180901,K4,2018011,,100000030,APJ,USD,12622,43656.375,8770.25,I,I,X
500000913,9,20180519,7,20181217,K4,2019003,,100000007,EMEA,USD,103772,85821.75,2797.25,X,I,I
500000914,3,20180707,1,20190124,K4,2018002,,100000038,EMEA,USD,2288,96085.5,15860.625,C,C,C
500000915,2,20190521,8,20180209,K4,2018009,,100000025,EMEA,USD,51997,56378.875,15519.625,X,I,X
500000916,8,20190625,10,20190521,K4,2018008,,100000028,AMER,USD,126885,22420.125,20719.625,I,I,I
500000917,2,20180419,13,20180302,K4,2018004,,100000008,APJ,USD,102586,61788.125,13726.5,I,C,I
500000918,11,20190324,9,20180825,K4,2018012,,100000033,EMEA,USD,69265,38741.5,5187.375,C,C,X
500000919,13,20181016,4,20180915,K4,2019002,,100000000,APJ,USD,72691,78525.125,199.75,X,X,C
500000920,7,20190615,3,20190604,K4,2018003,,100000034,AMER,USD,29389,67738.125,6479.0,I,C,C
500000921,4,20180227,8,20180508,K4,2018004,,100000032,APJ,USD,71977,10933.125,12094.875,X,C,X
500000922,2,20181223,2,20180414,K4,2018011,,100000024,EMEA,USD,8266,3843.0,1716.0,C,X,I
500000923,14,20180415,7,20190303,K4,2018007,,100000014,EMEA,USD,60113,94195.5,13415.125,I,X,X
500000924,8,20190207,3,20181203,K4,2018012,,100000018,AMER,USD,56388,47101.25,14463.125,I,X,X
500000925,1,20190420,5,20180222,K4,2019003,,100000028,EMEA,USD,26337,43076.25,20719.625,I,C,X
500000926,5,20190528,6,20180303,K4,2019004,,100000029,EMEA,USD,46601,96844.125,11945.125,X,C,C
500000927,3,20190515,12,20190403,K4,2018002,,100000014,APJ,USD,3245,84805.875,9925.0,I,C,X
500000928,5,20190126,9,20180302,K4,2018001,,100000010,EMEA,USD,15643,25715.375,4350.875,C,C,X
500000929,13,20180210,3,20190419,K4,2018003,,100000012,AMER,USD,20968,38741.5,15519.625,C,C,C
500000930,4,20181119,13,20180502,K4,2019002,,100000016,APJ,USD,63743,169738.625,2355.125,I,X,I
500000931,3,20180519,6,20190216,K4,2019006,,100000036,APJ,USD,76542,52598.875,9925.0,C,X,C
500000932,5,20180519,13,20180320,K4,2018011,,100000026,EMEA,USD,61793,151871.125,16982.0,C,I,C
500000933,14,20180926,4,20181027,K4,2018004,,100000035,EMEA,USD,113112,50645.0,5199.875,C,X,X
500000934,11,20181013,9,20180311,K4,2018001,,100000028,APJ,USD,73949,25760.875,3292.125,C,I,X
500000935,2,20190616,10,20180303,K4,2018006,,100000001,EMEA,USD,38007,5425.875,6486.125,X,I,C
500000936,2,20190410,8,20190406,K4,2019006,,100000019,EMEA,USD,55575,110444.25,7724.125,X,X,X
500000937,7,20180621,5,20180810,K4,2018004,,100000006,EMEA,USD,77130,62979.875,7048.5,C,I,X
500000938,7,20190202,4,20190501,K4,2018004,,100000010,APJ,USD,52489,134724.625,360.0,C,C,C
500000939,4,20180223,5,20190110,K4,2018006,,100000003,APJ,USD,13345,52767.75,6345.375,X,X,I
500000940,14,20190407,7,20181129,K4,2018008,,100000035,AMER,USD,63743,11231.5,9369.0,X,C,I
500000941,14,20180207,8,20190216,K4,2019001,,100000035,APJ,USD,11580,127371.125,9502.75,I,X,C
500000942,4,20190331,14,20190129,K4,2018004,,100000002,AMER,USD,124157,83986.875,11624.375,X,I,I
500000943,8,20181025,4,20190305,K4,2018008,,100000020,APJ,USD,12693,46379.375,13026.625,I,C,X
500000944,1,20180130,4,20181005,K4,2018007,,100000024,AMER,USD,43924,15306.375,756.0,X,X,X
500000945,12,20180724,6,20181011,K4,2018002,,100000014,AMER,USD,86805,25459.875,4091.75,X,X,C
500000946,10,20181109,1,20180214,K4,2018003,,100000004,AMER,USD,145567,20722.625,169.5,C,I,I
500000947,12,20181109,13,20180830,K4,2018002,,100000018,AMER,USD,13587,25459.875,24009.375,C,C,I
500000948,14,20180410,11,20181002,K4,2018006,,100000005,EMEA,USD,38783,67738.125,8997.125,I,X,C
500000949,8,20181022,13,20180722,K4,2019006,,100000016,AMER,USD,69265,62136.375,6046.625,I,X,C
500000950,10,20181216,13,20180214,K4,2018005,,100000037,AMER,USD,102586,137603.375,7967.875,X,C,X
500000951,14,20180523,6,20180502,K4,2018010,,100000009,AMER,USD,105359,44417.625,1859.25,X,I,C
500000952,1,20190308,9,20180212,K4,2019005,,100000031,AMER,USD,182951,45402.875,4750.875,X,C,X
500000953,8,20180603,4,20180209,K4,2019002,,100000000,EMEA,USD,123584,73911.25,8637.625,C,I,I
500000954,12,20180204,2,20190510,K4,2018003,,100000021,EMEA,USD,2871,37857.75,3816.375,X,C,I
500000955,8,20180829,4,20180609,K4,2018002,,100000037,EMEA,USD,43266,108136.0,14982.875,C,X,X
500000956,5,20180713,8,20190219,K4,2018007,,100000026,AMER,USD,74952,89569.375,2960.375,I,C,I
500000957,9,20190419,10,20190305,K4,2018003,,100000019,EMEA,USD,49093,118874.0,775.125,X,X,I
500000958,10,20181224,3,20180602,K4,2018011,,100000012,AMER,USD,150631,2512.125,5408.25,I,I,X
500000959,6,20180802,6,20181231,K4,2019002,,100000018,APJ,USD,79101,104880.125,1011.375,X,C,X
500000960,4,20180213,4,20180226,K4,2019006,,100000036,EMEA,USD,1266,108637.375,6908.25,X,I,I
500000961,2,20180407,2,20181109,K4,2018008,,100000000,AMER,USD,6003,43656.375,199.75,C,C,X
500000962,2,20181219,4,20180306,K4,2018003,,100000004,AMER,USD,3245,11888.625,10948.875,C,X,I
500000963,14,20181111,7,20190519,K4,2019005,,100000002,AMER,USD,29394,133938.875,1722.125,I,I,X
500000964,10,20190617,1,20181205,K4,2019004,,100000011,APJ,USD,133010,45614.625,6691.625,C,X,C
500000965,11,20180324,5,20180221,K4,2018009,,100000033,APJ,USD,182951,83713.875,5977.0,C,X,C
500000966,9,20190327,12,20180423,K4,2018003,,100000000,AMER,USD,115705,73047.625,1199.125,C,C,X
500000967,10,20180426,7,20181218,K4,2018011,,100000023,EMEA,USD,133010,60431.875,15473.0,C,X,I
500000968,14,20181018,13,20180326,K4,2019004,,100000011,EMEA,USD,9593,54514.25,2188.75,I,I,X
500000969,8,20181117,1,20181031,K4,2019005,,100000005,AMER,USD,29394,45927.875,2621.0,X,I,C
500000970,6,20190203,13,20180210,K4,2018012,,100000009,APJ,USD,79331,11044.25,750.375,C,I,C
500000971,12,20180207,10,20180220,K4,2018005,,100000039,APJ,USD,123784,44359.0,16424.125,I,I,X
500000972,11,20180917,7,20180326,K4,2018004,,100000018,APJ,USD,73179,11592.0,10262.125,C,I,X
500000973,13,20190219,2,20190609,K4,2018009,,100000033,APJ,USD,72691,5425.875,6236.625,I,I,C
500000974,14,20190423,2,20190410,K4,2018010,,100000011,EMEA,USD,32734,41740.125,9848.5,I,I,X
500000975,1,20180519,3,20181229,K4,2018002,,100000024,AMER,USD,13777,45353.0,3637.125,C,C,X
500000976,5,20180727,6,20181021,K4,2019003,,100000021,AMER,USD,70162,50098.125,13169.875,I,C,I
500000977,13,20180619,9,20181120,K4,2018006,,100000000,APJ,USD,55623,57835.75,9196.625,C,I,C
500000978,3,20190217,1,20181106,K4,2018006,,100000005,APJ,USD,14810,54068.875,7474.5,C,I,I
500000979,13,20190215,9,20180211,K4,2018004,,100000016,EMEA,USD,53005,64376.375,4988.125,X,C,I
500000980,12,20190528,12,20190415,K4,2018002,,100000039,APJ,USD,74136,49339.5,2894.375,I,I,I
500000981,10,20180603,9,20180325,K4,2019005,,100000029,EMEA,USD,192075,52598.875,7156.875,X,C,C
500000982,8,20180410,1,20181218,K4,2018001,,100000016,APJ,USD,101024,83708.625,5499.0,I,C,X
500000983,12,20190531,3,20190403,K4,2018007,,100000009,APJ,USD,44627,83713.875,5808.0,X,X,X
500000984,12,20180222,3,20180204,K4,2018007,,100000016,EMEA,USD,44276,10132.5,8816.0,X,I,I
500000985,9,20190128,6,20180216,K4,2018006,,100000035,EMEA,USD,12989,11592.0,2621.0,C,C,C
500000986,14,20180202,13,20180320,K4,2018012,,100000006,AMER,USD,71455,37187.5,14463.125,I,I,X
500000987,13,20181013,11,20190411,K4,2019003,,100000029,AMER,USD,21862,62063.75,7397.5,I,I,X
500000988,1,20190102,14,20190120,K4,2018004,,100000029,EMEA,USD,87591,44442.125,17536.625,I,I,C
500000989,13,20190404,2,20180115,K4,2018009,,100000031,AMER,USD,173567,29653.75,8876.625,C,C,X
500000990,6,20180726,14,20181204,K4,2019006,,100000031,APJ,USD,99421,81046.875,2049.875,C,C,C
500000991,1,20181223,2,20180715,K4,2018004,,100000010,EMEA,USD,55575,102236.75,3842.125,X,X,X
500000992,13,20180915,1,20181106,K4,2018002,,100000024,EMEA,USD,44294,12956.125,12504.5,X,C,X
500000993,11,20180401,4,20181216,K4,2018008,,100000021,APJ,USD,120706,37187.5,868.75,I,X,X
500000994,1,20180413,13,20180209,K4,2019006,,100000026,EMEA,USD,9593,58417.625,3673.625,I,C,I
500000995,13,20180304,8,20181109,K4,2018005,,100000032,EMEA,USD,51608,20640.375,12795.625,X,C,C
500000996,6,20190314,12,20180211,K4,2019003,,100000038,APJ,USD,47816,15321.25,8402.375,C,X,C
500000997,6,20190404,5,20180828,K4,2018001,,100000013,APJ,USD,51832,75852.875,10836.125,I,C,X
500000998,10,20180614,3,20181121,K4,2018011,,100000022,APJ,USD,84470,2802.625,1236.125,C,X,X
500000999,12,20190126,14,20181019,K4,2018008,,100000023,EMEA,USD,8266,69684.125,2133.25,I,I,C
500001000,8,20181005,5,20180727,K4,2019006,,100000026,AMER,USD,153971,61788.125,12115.125,X,C,C
500001001,14,20190501,4,20190512,K4,2019001,,100000006,APJ,USD,81501,66231.375,155.625,X,I,X


