SALESORDERITEM,PRODUCTID,NOTEID,CURRENCY,GROSSAMOUNT,NETAMOUNT,TAXAMOUNT,ITEMATPSTATUS,OPITEMPOS,QUANTITY,QUANTITYUNIT,DELIVERYDATE,SALESORDERID
10,MB-1034, ,USD,2499,2186.625,312.375,I,,4,EA,20180311,500000000
20,CB-1161, ,USD,399,349.125,49.875,I,,9,EA,20180311,500000001
10,HB-1175, ,USD,899,786.625,112.375,I,,2,EA,20180228,500000002
20,RC-1056, ,USD,2499,2186.625,312.375,I,,2,EA,20180228,500000003
30,CC-1021, ,USD,1144,1001.0,143.0,I,,3,EA,20180228,500000004
40,CB-1161, ,USD,399,349.125,49.875,I,,6,EA,20180228,500000005
10,HB-1175, ,USD,899,786.625,112.375,I,,6,EA,20180309,500000006
20,RC-1055, ,USD,1999,1749.125,249.875,I,,3,EA,20180309,500000007
30,DB-1081, ,USD,1499,1311.625,187.375,I,,3,EA,20180309,500000008
40,EB-1133, ,USD,2250,1968.75,281.25,I,,10,EA,20180309,500000009
50,BX-1015, ,USD,299,261.625,37.375,I,,9,EA,20180309,500000010
60,CC-1021, ,USD,1144,1001.0,143.0,I,,4,EA,20180309,500000011
10,RC-1056, ,USD,2499,2186.625,312.375,I,,3,EA,20180223,500000012
20,BX-1013, ,USD,449,392.875,56.125,I,,2,EA,20180223,500000013
30,RC-1056, ,USD,2499,2186.625,312.375,I,,5,EA,20180223,500000014
40,CB-1161, ,USD,399,349.125,49.875,I,,1,EA,20180223,500000015
50,EB-1131, ,USD,1500,1312.5,187.5,I,,10,EA,20180223,500000016
60,MB-1034, ,USD,2499,2186.625,312.375,I,,3,EA,20180223,500000017
70,DB-1082, ,USD,1250,1093.75,156.25,I,,8,EA,20180223,500000018
80,EB-1134, ,USD,4800,4200.0,600.0,I,,10,EA,20180223,500000019
10,BX-1014, ,USD,799,699.125,99.875,I,,3,EA,20180305,500000020
20,EB-1134, ,USD,4800,4200.0,600.0,I,,2,EA,20180305,500000021
30,CB-1163, ,USD,288,252.0,36.0,I,,8,EA,20180305,500000022
40,BX-1013, ,USD,449,392.875,56.125,I,,6,EA,20180305,500000023
50,MB-1034, ,USD,2499,2186.625,312.375,I,,10,EA,20180305,500000024
60,MB-1031, ,USD,649,567.875,81.125,I,,2,EA,20180305,500000025
70,RC-1051, ,USD,2499,2186.625,312.375,I,,10,EA,20180305,500000026
80,HB-1174, ,USD,379,331.625,47.375,I,,9,EA,20180305,500000027
10,RC-1054, ,USD,5499,4811.625,687.375,I,,10,EA,20180301,500000028
20,CC-1021, ,USD,1144,1001.0,143.0,I,,3,EA,20180301,500000029
30,RC-1052, ,USD,3999,3499.125,499.875,I,,9,EA,20180301,500000030
40,BX-1011, ,USD,249,217.875,31.125,I,,10,EA,20180301,500000031
50,HB-1175, ,USD,899,786.625,112.375,I,,2,EA,20180301,500000032
60,RO-1002, ,USD,689,602.875,86.125,I,,8,EA,20180301,500000033
10,EB-1137, ,USD,7900,6912.5,987.5,I,,5,EA,20180314,500000034
20,CB-1163, ,USD,288,252.0,36.0,I,,8,EA,20180314,500000035
30,EB-1134, ,USD,4800,4200.0,600.0,I,,7,EA,20180314,500000036
40,HB-1176, ,USD,1199,1049.125,149.875,I,,3,EA,20180314,500000037
50,RC-1052, ,USD,3999,3499.125,499.875,I,,6,EA,20180314,500000038
60,EB-1135, ,USD,3000,2625.0,375.0,I,,9,EA,20180314,500000039
70,RC-1054, ,USD,5499,4811.625,687.375,I,,8,EA,20180314,500000040
10,HB-1171, ,USD,699,611.625,87.375,I,,2,EA,20180308,500000041
10,EB-1137, ,USD,7900,6912.5,987.5,I,,10,EA,20180225,500000042
20,CC-1022, ,USD,1200,1050.0,150.0,I,,6,EA,20180225,500000043
30,CC-1023, ,USD,1361,1190.875,170.125,I,,10,EA,20180225,500000044
40,RC-1052, ,USD,3999,3499.125,499.875,I,,7,EA,20180225,500000045
10,BX-1014, ,USD,799,699.125,99.875,I,,9,EA,20180309,500000046
20,EB-1131, ,USD,1500,1312.5,187.5,I,,3,EA,20180309,500000047
30,EB-1135, ,USD,3000,2625.0,375.0,I,,7,EA,20180309,500000048
40,CC-1021, ,USD,1144,1001.0,143.0,I,,1,EA,20180309,500000049
50,EB-1135, ,USD,3000,2625.0,375.0,I,,6,EA,20180309,500000050
60,BX-1013, ,USD,449,392.875,56.125,I,,10,EA,20180309,500000051
70,DB-1081, ,USD,1499,1311.625,187.375,I,,10,EA,20180309,500000052
80,CB-1161, ,USD,399,349.125,49.875,I,,8,EA,20180309,500000053
90,HB-1171, ,USD,699,611.625,87.375,I,,4,EA,20180309,500000054
100,HB-1175, ,USD,899,786.625,112.375,I,,2,EA,20180309,500000055
10,RO-1002, ,USD,689,602.875,86.125,I,,10,EA,20180323,500000056
20,CC-1021, ,USD,1144,1001.0,143.0,I,,3,EA,20180323,500000057
10,MB-1032, ,USD,1299,1136.625,162.375,I,,8,EA,20180322,500000058
20,RO-1001, ,USD,525,459.375,65.625,I,,3,EA,20180322,500000059
30,MB-1031, ,USD,649,567.875,81.125,I,,5,EA,20180322,500000060
40,BX-1016, ,USD,319,279.125,39.875,I,,1,EA,20180322,500000061
50,EB-1132, ,USD,1900,1662.5,237.5,I,,1,EA,20180322,500000062
60,EB-1135, ,USD,3000,2625.0,375.0,I,,9,EA,20180322,500000063
70,RC-1054, ,USD,5499,4811.625,687.375,I,,10,EA,20180322,500000064
10,HB-1176, ,USD,1199,1049.125,149.875,I,,9,EA,20180317,500000065
20,CB-1161, ,USD,399,349.125,49.875,I,,2,EA,20180317,500000066
30,BX-1013, ,USD,449,392.875,56.125,I,,9,EA,20180317,500000067
10,RO-1001, ,USD,525,459.375,65.625,I,,3,EA,20180321,500000068
20,BX-1015, ,USD,299,261.625,37.375,I,,7,EA,20180321,500000069
30,RC-1055, ,USD,1999,1749.125,249.875,I,,8,EA,20180321,500000070
40,RO-1001, ,USD,525,459.375,65.625,I,,5,EA,20180321,500000071
50,CC-1023, ,USD,1361,1190.875,170.125,I,,3,EA,20180321,500000072
60,EB-1133, ,USD,2250,1968.75,281.25,I,,8,EA,20180321,500000073
70,CC-1022, ,USD,1200,1050.0,150.0,I,,9,EA,20180321,500000074
80,RC-1051, ,USD,2499,2186.625,312.375,I,,6,EA,20180321,500000075
10,CB-1161, ,USD,399,349.125,49.875,I,,3,EA,20180315,500000076
20,DB-1082, ,USD,1250,1093.75,156.25,I,,4,EA,20180315,500000077
30,DB-1081, ,USD,1499,1311.625,187.375,I,,10,EA,20180315,500000078
40,BX-1011, ,USD,249,217.875,31.125,I,,3,EA,20180315,500000079
50,CC-1022, ,USD,1200,1050.0,150.0,I,,7,EA,20180315,500000080
60,CB-1162, ,USD,400,350.0,50.0,I,,6,EA,20180315,500000081
10,DB-1083, ,USD,1199,1049.125,149.875,I,,2,EA,20180403,500000082
20,CB-1162, ,USD,400,350.0,50.0,I,,7,EA,20180403,500000083
30,MB-1033, ,USD,3999,3499.125,499.875,I,,4,EA,20180403,500000084
10,RC-1052, ,USD,3999,3499.125,499.875,I,,4,EA,20180307,500000085
20,BX-1012, ,USD,399,349.125,49.875,I,,1,EA,20180307,500000086
30,RC-1052, ,USD,3999,3499.125,499.875,I,,4,EA,20180307,500000087
40,EB-1133, ,USD,2250,1968.75,281.25,I,,2,EA,20180307,500000088
50,EB-1132, ,USD,1900,1662.5,237.5,I,,2,EA,20180307,500000089
10,RC-1057, ,USD,4999,4374.125,624.875,I,,1,EA,20180305,500000090
20,DB-1083, ,USD,1199,1049.125,149.875,I,,4,EA,20180305,500000091
30,RC-1053, ,USD,4599,4024.125,574.875,I,,1,EA,20180305,500000092
40,DB-1081, ,USD,1499,1311.625,187.375,I,,7,EA,20180305,500000093
50,BX-1011, ,USD,249,217.875,31.125,I,,1,EA,20180305,500000094
60,EB-1132, ,USD,1900,1662.5,237.5,I,,1,EA,20180305,500000095
70,RO-1001, ,USD,525,459.375,65.625,I,,8,EA,20180305,500000096
80,RC-1054, ,USD,5499,4811.625,687.375,I,,8,EA,20180305,500000097
10,BX-1016, ,USD,319,279.125,39.875,I,,9,EA,20180328,500000098
10,DB-1082, ,USD,1250,1093.75,156.25,I,,10,EA,20180401,500000099
20,RO-1001, ,USD,525,459.375,65.625,I,,5,EA,20180401,500000100
30,DB-1083, ,USD,1199,1049.125,149.875,I,,10,EA,20180401,500000101
40,CB-1162, ,USD,400,350.0,50.0,I,,1,EA,20180401,500000102
10,CC-1023, ,USD,1361,1190.875,170.125,I,,8,EA,20180322,500000103
20,EB-1136, ,USD,5000,4375.0,625.0,I,,3,EA,20180322,500000104
30,MB-1033, ,USD,3999,3499.125,499.875,I,,8,EA,20180322,500000105
10,HB-1174, ,USD,379,331.625,47.375,I,,1,EA,20180411,500000106
10,EB-1132, ,USD,1900,1662.5,237.5,I,,3,EA,20180330,500000107
20,DB-1082, ,USD,1250,1093.75,156.25,I,,1,EA,20180330,500000108
10,CB-1163, ,USD,288,252.0,36.0,I,,5,EA,20180323,500000109
20,HB-1176, ,USD,1199,1049.125,149.875,I,,8,EA,20180323,500000110
30,RC-1053, ,USD,4599,4024.125,574.875,I,,6,EA,20180323,500000111
40,DB-1083, ,USD,1199,1049.125,149.875,I,,10,EA,20180323,500000112
50,EB-1132, ,USD,1900,1662.5,237.5,I,,8,EA,20180323,500000113
60,RC-1051, ,USD,2499,2186.625,312.375,I,,8,EA,20180323,500000114
10,HB-1172, ,USD,799,699.125,99.875,I,,2,EA,20180402,500000115
20,CC-1023, ,USD,1361,1190.875,170.125,I,,10,EA,20180402,500000116
30,BX-1013, ,USD,449,392.875,56.125,I,,5,EA,20180402,500000117
40,CC-1021, ,USD,1144,1001.0,143.0,I,,4,EA,20180402,500000118
50,RC-1056, ,USD,2499,2186.625,312.375,I,,5,EA,20180402,500000119
60,EB-1135, ,USD,3000,2625.0,375.0,I,,2,EA,20180402,500000120
70,CC-1023, ,USD,1361,1190.875,170.125,I,,10,EA,20180402,500000121
80,CC-1022, ,USD,1200,1050.0,150.0,I,,9,EA,20180402,500000122
90,CC-1023, ,USD,1361,1190.875,170.125,I,,4,EA,20180402,500000123
100,MB-1034, ,USD,2499,2186.625,312.375,I,,10,EA,20180402,500000124
10,RC-1056, ,USD,2499,2186.625,312.375,I,,10,EA,20180325,500000125
20,HB-1173, ,USD,649,567.875,81.125,I,,8,EA,20180325,500000126
30,RO-1003, ,USD,721,630.875,90.125,I,,5,EA,20180325,500000127
40,BX-1013, ,USD,449,392.875,56.125,I,,4,EA,20180325,500000128
50,MB-1034, ,USD,2499,2186.625,312.375,I,,8,EA,20180325,500000129
10,DB-1081, ,USD,1499,1311.625,187.375,I,,2,EA,20180412,500000130
20,DB-1083, ,USD,1199,1049.125,149.875,I,,6,EA,20180412,500000131
30,BX-1013, ,USD,449,392.875,56.125,I,,10,EA,20180412,500000132
40,HB-1175, ,USD,899,786.625,112.375,I,,2,EA,20180412,500000133
50,BX-1011, ,USD,249,217.875,31.125,I,,6,EA,20180412,500000134
60,RC-1056, ,USD,2499,2186.625,312.375,I,,8,EA,20180412,500000135
70,EB-1136, ,USD,5000,4375.0,625.0,I,,8,EA,20180412,500000136
80,HB-1175, ,USD,899,786.625,112.375,I,,6,EA,20180412,500000137
90,CC-1023, ,USD,1361,1190.875,170.125,I,,1,EA,20180412,500000138
100,CB-1161, ,USD,399,349.125,49.875,I,,3,EA,20180412,500000139
10,HB-1171, ,USD,699,611.625,87.375,I,,7,EA,20180420,500000140
20,RC-1052, ,USD,3999,3499.125,499.875,I,,8,EA,20180420,500000141
30,RC-1055, ,USD,1999,1749.125,249.875,I,,2,EA,20180420,500000142
40,HB-1171, ,USD,699,611.625,87.375,I,,7,EA,20180420,500000143
50,CB-1163, ,USD,288,252.0,36.0,I,,7,EA,20180420,500000144
60,BX-1014, ,USD,799,699.125,99.875,I,,1,EA,20180420,500000145
70,CB-1161, ,USD,399,349.125,49.875,I,,8,EA,20180420,500000146
80,EB-1133, ,USD,2250,1968.75,281.25,I,,4,EA,20180420,500000147
90,EB-1132, ,USD,1900,1662.5,237.5,I,,4,EA,20180420,500000148
100,RC-1052, ,USD,3999,3499.125,499.875,I,,9,EA,20180420,500000149
10,EB-1136, ,USD,5000,4375.0,625.0,I,,7,EA,20180330,500000150
20,MB-1033, ,USD,3999,3499.125,499.875,I,,5,EA,20180330,500000151
30,CC-1023, ,USD,1361,1190.875,170.125,I,,8,EA,20180330,500000152
40,RO-1003, ,USD,721,630.875,90.125,I,,7,EA,20180330,500000153
10,HB-1172, ,USD,799,699.125,99.875,I,,1,EA,20180402,500000154
20,BX-1014, ,USD,799,699.125,99.875,I,,9,EA,20180402,500000155
30,RC-1054, ,USD,5499,4811.625,687.375,I,,6,EA,20180402,500000156
40,BX-1013, ,USD,449,392.875,56.125,I,,2,EA,20180402,500000157
50,EB-1132, ,USD,1900,1662.5,237.5,I,,10,EA,20180402,500000158
60,EB-1133, ,USD,2250,1968.75,281.25,I,,7,EA,20180402,500000159
70,RO-1001, ,USD,525,459.375,65.625,I,,2,EA,20180402,500000160
80,HB-1172, ,USD,799,699.125,99.875,I,,9,EA,20180402,500000161
90,CC-1022, ,USD,1200,1050.0,150.0,I,,9,EA,20180402,500000162
10,HB-1173, ,USD,649,567.875,81.125,I,,8,EA,20180325,500000163
20,EB-1134, ,USD,4800,4200.0,600.0,I,,9,EA,20180325,500000164
30,BX-1013, ,USD,449,392.875,56.125,I,,4,EA,20180325,500000165
40,RO-1003, ,USD,721,630.875,90.125,I,,9,EA,20180325,500000166
50,HB-1173, ,USD,649,567.875,81.125,I,,8,EA,20180325,500000167
60,HB-1174, ,USD,379,331.625,47.375,I,,7,EA,20180325,500000168
70,DB-1082, ,USD,1250,1093.75,156.25,I,,2,EA,20180325,500000169
80,EB-1133, ,USD,2250,1968.75,281.25,I,,4,EA,20180325,500000170
10,CC-1021, ,USD,1144,1001.0,143.0,I,,2,EA,20180408,500000171
20,CB-1163, ,USD,288,252.0,36.0,I,,2,EA,20180408,500000172
30,RC-1053, ,USD,4599,4024.125,574.875,I,,8,EA,20180408,500000173
40,BX-1012, ,USD,399,349.125,49.875,I,,5,EA,20180408,500000174
50,RO-1003, ,USD,721,630.875,90.125,I,,5,EA,20180408,500000175
60,DB-1083, ,USD,1199,1049.125,149.875,I,,3,EA,20180408,500000176
70,HB-1171, ,USD,699,611.625,87.375,I,,1,EA,20180408,500000177
10,HB-1174, ,USD,379,331.625,47.375,I,,5,EA,20180419,500000178
20,RO-1002, ,USD,689,602.875,86.125,I,,8,EA,20180419,500000179
30,EB-1134, ,USD,4800,4200.0,600.0,I,,3,EA,20180419,500000180
40,CB-1163, ,USD,288,252.0,36.0,I,,3,EA,20180419,500000181
50,RC-1056, ,USD,2499,2186.625,312.375,I,,8,EA,20180419,500000182
60,BX-1012, ,USD,399,349.125,49.875,I,,8,EA,20180419,500000183
70,EB-1132, ,USD,1900,1662.5,237.5,I,,6,EA,20180419,500000184
10,MB-1033, ,USD,3999,3499.125,499.875,I,,5,EA,20180401,500000185
20,EB-1131, ,USD,1500,1312.5,187.5,I,,4,EA,20180401,500000186
30,HB-1176, ,USD,1199,1049.125,149.875,I,,6,EA,20180401,500000187
40,RC-1052, ,USD,3999,3499.125,499.875,I,,10,EA,20180401,500000188
10,BX-1015, ,USD,299,261.625,37.375,I,,1,EA,20180504,500000189
20,DB-1082, ,USD,1250,1093.75,156.25,I,,1,EA,20180504,500000190
30,RC-1052, ,USD,3999,3499.125,499.875,I,,4,EA,20180504,500000191
40,HB-1175, ,USD,899,786.625,112.375,I,,8,EA,20180504,500000192
50,CC-1022, ,USD,1200,1050.0,150.0,I,,5,EA,20180504,500000193
10,EB-1137, ,USD,7900,6912.5,987.5,I,,1,EA,20180430,500000194
20,EB-1132, ,USD,1900,1662.5,237.5,I,,1,EA,20180430,500000195
30,EB-1134, ,USD,4800,4200.0,600.0,I,,7,EA,20180430,500000196
40,RC-1056, ,USD,2499,2186.625,312.375,I,,3,EA,20180430,500000197
10,HB-1172, ,USD,799,699.125,99.875,I,,7,EA,20180414,500000198
20,EB-1137, ,USD,7900,6912.5,987.5,I,,5,EA,20180414,500000199
30,CB-1163, ,USD,288,252.0,36.0,I,,5,EA,20180414,500000200
40,RC-1057, ,USD,4999,4374.125,624.875,I,,6,EA,20180414,500000201
50,CB-1162, ,USD,400,350.0,50.0,I,,1,EA,20180414,500000202
60,EB-1136, ,USD,5000,4375.0,625.0,I,,3,EA,20180414,500000203
70,HB-1171, ,USD,699,611.625,87.375,I,,6,EA,20180414,500000204
80,BX-1016, ,USD,319,279.125,39.875,I,,2,EA,20180414,500000205
10,BX-1015, ,USD,299,261.625,37.375,I,,7,EA,20180507,500000206
20,DB-1081, ,USD,1499,1311.625,187.375,I,,2,EA,20180507,500000207
30,BX-1016, ,USD,319,279.125,39.875,I,,3,EA,20180507,500000208
10,EB-1132, ,USD,1900,1662.5,237.5,I,,7,EA,20180501,500000209
20,EB-1136, ,USD,5000,4375.0,625.0,I,,6,EA,20180501,500000210
30,BX-1013, ,USD,449,392.875,56.125,I,,7,EA,20180501,500000211
10,RC-1054, ,USD,5499,4811.625,687.375,I,,2,EA,20180424,500000212
20,EB-1133, ,USD,2250,1968.75,281.25,I,,1,EA,20180424,500000213
10,EB-1135, ,USD,3000,2625.0,375.0,I,,9,EA,20180505,500000214
20,CB-1163, ,USD,288,252.0,36.0,I,,5,EA,20180505,500000215
30,EB-1134, ,USD,4800,4200.0,600.0,I,,3,EA,20180505,500000216
40,CB-1161, ,USD,399,349.125,49.875,I,,2,EA,20180505,500000217
10,BX-1014, ,USD,799,699.125,99.875,I,,4,EA,20180501,500000218
20,BX-1016, ,USD,319,279.125,39.875,I,,10,EA,20180501,500000219
30,CB-1161, ,USD,399,349.125,49.875,I,,7,EA,20180501,500000220
40,DB-1082, ,USD,1250,1093.75,156.25,I,,3,EA,20180501,500000221
50,BX-1015, ,USD,299,261.625,37.375,I,,9,EA,20180501,500000222
60,EB-1136, ,USD,5000,4375.0,625.0,I,,1,EA,20180501,500000223
70,BX-1015, ,USD,299,261.625,37.375,I,,4,EA,20180501,500000224
80,HB-1174, ,USD,379,331.625,47.375,I,,4,EA,20180501,500000225
90,RO-1003, ,USD,721,630.875,90.125,I,,8,EA,20180501,500000226
10,BX-1013, ,USD,449,392.875,56.125,I,,5,EA,20180421,500000227
20,DB-1081, ,USD,1499,1311.625,187.375,I,,6,EA,20180421,500000228
30,DB-1081, ,USD,1499,1311.625,187.375,I,,4,EA,20180421,500000229
40,EB-1132, ,USD,1900,1662.5,237.5,I,,4,EA,20180421,500000230
50,CB-1161, ,USD,399,349.125,49.875,I,,2,EA,20180421,500000231
60,HB-1173, ,USD,649,567.875,81.125,I,,9,EA,20180421,500000232
10,EB-1135, ,USD,3000,2625.0,375.0,I,,8,EA,20180425,500000233
20,HB-1176, ,USD,1199,1049.125,149.875,I,,1,EA,20180425,500000234
30,EB-1131, ,USD,1500,1312.5,187.5,I,,4,EA,20180425,500000235
40,CB-1161, ,USD,399,349.125,49.875,I,,9,EA,20180425,500000236
50,RO-1002, ,USD,689,602.875,86.125,I,,1,EA,20180425,500000237
10,BX-1016, ,USD,319,279.125,39.875,I,,1,EA,20180429,500000238
20,BX-1011, ,USD,249,217.875,31.125,I,,2,EA,20180429,500000239
30,BX-1013, ,USD,449,392.875,56.125,I,,1,EA,20180429,500000240
10,EB-1135, ,USD,3000,2625.0,375.0,I,,3,EA,20180507,500000241
10,BX-1014, ,USD,799,699.125,99.875,I,,3,EA,20180508,500000242
20,CB-1163, ,USD,288,252.0,36.0,I,,6,EA,20180508,500000243
30,RC-1054, ,USD,5499,4811.625,687.375,I,,9,EA,20180508,500000244
40,BX-1012, ,USD,399,349.125,49.875,I,,10,EA,20180508,500000245
50,EB-1135, ,USD,3000,2625.0,375.0,I,,4,EA,20180508,500000246
60,RC-1055, ,USD,1999,1749.125,249.875,I,,10,EA,20180508,500000247
70,HB-1174, ,USD,379,331.625,47.375,I,,6,EA,20180508,500000248
80,CB-1161, ,USD,399,349.125,49.875,I,,7,EA,20180508,500000249
90,BX-1013, ,USD,449,392.875,56.125,I,,2,EA,20180508,500000250
10,CC-1021, ,USD,1144,1001.0,143.0,I,,2,EA,20180503,500000251
10,DB-1081, ,USD,1499,1311.625,187.375,I,,10,EA,20180505,500000252
20,RO-1003, ,USD,721,630.875,90.125,I,,7,EA,20180505,500000253
30,CB-1163, ,USD,288,252.0,36.0,I,,6,EA,20180505,500000254
40,RC-1055, ,USD,1999,1749.125,249.875,I,,8,EA,20180505,500000255
50,DB-1083, ,USD,1199,1049.125,149.875,I,,5,EA,20180505,500000256
60,BX-1011, ,USD,249,217.875,31.125,I,,1,EA,20180505,500000257
70,MB-1032, ,USD,1299,1136.625,162.375,I,,8,EA,20180505,500000258
80,CC-1021, ,USD,1144,1001.0,143.0,I,,5,EA,20180505,500000259
10,CB-1161, ,USD,399,349.125,49.875,I,,8,EA,20180518,500000260
20,BX-1011, ,USD,249,217.875,31.125,I,,1,EA,20180518,500000261
30,HB-1172, ,USD,799,699.125,99.875,I,,9,EA,20180518,500000262
40,BX-1011, ,USD,249,217.875,31.125,I,,3,EA,20180518,500000263
50,DB-1081, ,USD,1499,1311.625,187.375,I,,8,EA,20180518,500000264
60,RC-1057, ,USD,4999,4374.125,624.875,I,,5,EA,20180518,500000265
70,DB-1081, ,USD,1499,1311.625,187.375,I,,10,EA,20180518,500000266
80,BX-1015, ,USD,299,261.625,37.375,I,,6,EA,20180518,500000267
90,BX-1011, ,USD,249,217.875,31.125,I,,2,EA,20180518,500000268
100,RC-1057, ,USD,4999,4374.125,624.875,I,,2,EA,20180518,500000269
10,DB-1083, ,USD,1199,1049.125,149.875,I,,4,EA,20180512,500000270
20,CB-1161, ,USD,399,349.125,49.875,I,,8,EA,20180512,500000271
30,EB-1134, ,USD,4800,4200.0,600.0,I,,8,EA,20180512,500000272
40,EB-1136, ,USD,5000,4375.0,625.0,I,,2,EA,20180512,500000273
10,BX-1011, ,USD,249,217.875,31.125,I,,8,EA,20180511,500000274
20,DB-1083, ,USD,1199,1049.125,149.875,I,,5,EA,20180511,500000275
30,RC-1055, ,USD,1999,1749.125,249.875,I,,7,EA,20180511,500000276
10,HB-1173, ,USD,649,567.875,81.125,I,,1,EA,20180531,500000277
20,RC-1051, ,USD,2499,2186.625,312.375,I,,6,EA,20180531,500000278
10,CB-1161, ,USD,399,349.125,49.875,I,,10,EA,20180527,500000279
20,MB-1032, ,USD,1299,1136.625,162.375,I,,6,EA,20180527,500000280
30,RC-1055, ,USD,1999,1749.125,249.875,I,,6,EA,20180527,500000281
10,CC-1021, ,USD,1144,1001.0,143.0,I,,3,EA,20180601,500000282
20,DB-1081, ,USD,1499,1311.625,187.375,I,,5,EA,20180601,500000283
30,RC-1052, ,USD,3999,3499.125,499.875,I,,5,EA,20180601,500000284
40,HB-1172, ,USD,799,699.125,99.875,I,,4,EA,20180601,500000285
50,CC-1022, ,USD,1200,1050.0,150.0,I,,3,EA,20180601,500000286
10,BX-1011, ,USD,249,217.875,31.125,I,,3,EA,20180518,500000287
20,RC-1052, ,USD,3999,3499.125,499.875,I,,3,EA,20180518,500000288
30,RC-1052, ,USD,3999,3499.125,499.875,I,,1,EA,20180518,500000289
40,RC-1051, ,USD,2499,2186.625,312.375,I,,2,EA,20180518,500000290
50,RC-1053, ,USD,4599,4024.125,574.875,I,,10,EA,20180518,500000291
60,RO-1003, ,USD,721,630.875,90.125,I,,4,EA,20180518,500000292
10,EB-1135, ,USD,3000,2625.0,375.0,I,,4,EA,20180608,500000293
20,EB-1134, ,USD,4800,4200.0,600.0,I,,8,EA,20180608,500000294
30,EB-1134, ,USD,4800,4200.0,600.0,I,,4,EA,20180608,500000295
40,CB-1161, ,USD,399,349.125,49.875,I,,1,EA,20180608,500000296
50,EB-1134, ,USD,4800,4200.0,600.0,I,,5,EA,20180608,500000297
60,CB-1163, ,USD,288,252.0,36.0,I,,7,EA,20180608,500000298
70,RO-1002, ,USD,689,602.875,86.125,I,,3,EA,20180608,500000299
10,RO-1002, ,USD,689,602.875,86.125,I,,2,EA,20180528,500000300
20,HB-1171, ,USD,699,611.625,87.375,I,,4,EA,20180528,500000301
30,HB-1175, ,USD,899,786.625,112.375,I,,2,EA,20180528,500000302
40,CB-1163, ,USD,288,252.0,36.0,I,,5,EA,20180528,500000303
50,HB-1174, ,USD,379,331.625,47.375,I,,9,EA,20180528,500000304
60,EB-1131, ,USD,1500,1312.5,187.5,I,,7,EA,20180528,500000305
70,HB-1176, ,USD,1199,1049.125,149.875,I,,2,EA,20180528,500000306
80,CC-1021, ,USD,1144,1001.0,143.0,I,,5,EA,20180528,500000307
10,MB-1033, ,USD,3999,3499.125,499.875,I,,3,EA,20180530,500000308
20,CB-1163, ,USD,288,252.0,36.0,I,,6,EA,20180530,500000309
30,CB-1163, ,USD,288,252.0,36.0,I,,8,EA,20180530,500000310
40,EB-1133, ,USD,2250,1968.75,281.25,I,,9,EA,20180530,500000311
50,HB-1176, ,USD,1199,1049.125,149.875,I,,1,EA,20180530,500000312
60,MB-1033, ,USD,3999,3499.125,499.875,I,,4,EA,20180530,500000313
70,EB-1133, ,USD,2250,1968.75,281.25,I,,5,EA,20180530,500000314
80,RC-1055, ,USD,1999,1749.125,249.875,I,,9,EA,20180530,500000315
10,RO-1001, ,USD,525,459.375,65.625,I,,2,EA,20180604,500000316
20,RC-1052, ,USD,3999,3499.125,499.875,I,,5,EA,20180604,500000317
30,MB-1031, ,USD,649,567.875,81.125,I,,8,EA,20180604,500000318
40,HB-1174, ,USD,379,331.625,47.375,I,,8,EA,20180604,500000319
50,BX-1011, ,USD,249,217.875,31.125,I,,6,EA,20180604,500000320
60,EB-1136, ,USD,5000,4375.0,625.0,I,,4,EA,20180604,500000321
10,EB-1134, ,USD,4800,4200.0,600.0,I,,2,EA,20180527,500000322
20,EB-1131, ,USD,1500,1312.5,187.5,I,,7,EA,20180527,500000323
30,RC-1055, ,USD,1999,1749.125,249.875,I,,5,EA,20180527,500000324
40,CB-1163, ,USD,288,252.0,36.0,I,,1,EA,20180527,500000325
50,MB-1031, ,USD,649,567.875,81.125,I,,2,EA,20180527,500000326
60,BX-1013, ,USD,449,392.875,56.125,I,,10,EA,20180527,500000327
70,CB-1163, ,USD,288,252.0,36.0,I,,7,EA,20180527,500000328
80,MB-1032, ,USD,1299,1136.625,162.375,I,,4,EA,20180527,500000329
90,MB-1033, ,USD,3999,3499.125,499.875,I,,3,EA,20180527,500000330
10,EB-1134, ,USD,4800,4200.0,600.0,I,,5,EA,20180529,500000331
20,BX-1015, ,USD,299,261.625,37.375,I,,3,EA,20180529,500000332
30,CC-1023, ,USD,1361,1190.875,170.125,I,,4,EA,20180529,500000333
40,HB-1172, ,USD,799,699.125,99.875,I,,8,EA,20180529,500000334
50,HB-1173, ,USD,649,567.875,81.125,I,,5,EA,20180529,500000335
60,HB-1173, ,USD,649,567.875,81.125,I,,7,EA,20180529,500000336
70,HB-1175, ,USD,899,786.625,112.375,I,,6,EA,20180529,500000337
80,CB-1162, ,USD,400,350.0,50.0,I,,3,EA,20180529,500000338
90,CB-1161, ,USD,399,349.125,49.875,I,,3,EA,20180529,500000339
10,BX-1014, ,USD,799,699.125,99.875,I,,2,EA,20180620,500000340
10,MB-1032, ,USD,1299,1136.625,162.375,I,,5,EA,20180612,500000341
20,MB-1033, ,USD,3999,3499.125,499.875,I,,7,EA,20180612,500000342
30,EB-1136, ,USD,5000,4375.0,625.0,I,,6,EA,20180612,500000343
40,HB-1174, ,USD,379,331.625,47.375,I,,10,EA,20180612,500000344
50,RC-1054, ,USD,5499,4811.625,687.375,I,,8,EA,20180612,500000345
60,CC-1023, ,USD,1361,1190.875,170.125,I,,4,EA,20180612,500000346
70,EB-1137, ,USD,7900,6912.5,987.5,I,,5,EA,20180612,500000347
10,CB-1163, ,USD,288,252.0,36.0,I,,7,EA,20180622,500000348
20,BX-1012, ,USD,399,349.125,49.875,I,,8,EA,20180622,500000349
30,EB-1134, ,USD,4800,4200.0,600.0,I,,6,EA,20180622,500000350
40,HB-1173, ,USD,649,567.875,81.125,I,,5,EA,20180622,500000351
50,RC-1056, ,USD,2499,2186.625,312.375,I,,1,EA,20180622,500000352
60,EB-1136, ,USD,5000,4375.0,625.0,I,,7,EA,20180622,500000353
70,RC-1055, ,USD,1999,1749.125,249.875,I,,6,EA,20180622,500000354
10,CC-1023, ,USD,1361,1190.875,170.125,I,,7,EA,20180621,500000355
20,EB-1131, ,USD,1500,1312.5,187.5,I,,8,EA,20180621,500000356
30,BX-1013, ,USD,449,392.875,56.125,I,,7,EA,20180621,500000357
40,BX-1013, ,USD,449,392.875,56.125,I,,4,EA,20180621,500000358
50,RC-1057, ,USD,4999,4374.125,624.875,I,,7,EA,20180621,500000359
60,BX-1016, ,USD,319,279.125,39.875,I,,8,EA,20180621,500000360
70,HB-1176, ,USD,1199,1049.125,149.875,I,,3,EA,20180621,500000361
80,CC-1023, ,USD,1361,1190.875,170.125,I,,9,EA,20180621,500000362
10,MB-1031, ,USD,649,567.875,81.125,I,,5,EA,20180606,500000363
10,EB-1135, ,USD,3000,2625.0,375.0,I,,8,EA,20180617,500000364
20,BX-1014, ,USD,799,699.125,99.875,I,,2,EA,20180617,500000365
30,HB-1172, ,USD,799,699.125,99.875,I,,1,EA,20180617,500000366
40,RO-1002, ,USD,689,602.875,86.125,I,,6,EA,20180617,500000367
10,CC-1021, ,USD,1144,1001.0,143.0,I,,10,EA,20180706,500000368
20,EB-1137, ,USD,7900,6912.5,987.5,I,,5,EA,20180706,500000369
30,CC-1023, ,USD,1361,1190.875,170.125,I,,6,EA,20180706,500000370
40,BX-1012, ,USD,399,349.125,49.875,I,,5,EA,20180706,500000371
10,HB-1176, ,USD,1199,1049.125,149.875,I,,10,EA,20180618,500000372
20,EB-1132, ,USD,1900,1662.5,237.5,I,,9,EA,20180618,500000373
30,HB-1174, ,USD,379,331.625,47.375,I,,10,EA,20180618,500000374
40,BX-1015, ,USD,299,261.625,37.375,I,,4,EA,20180618,500000375
50,BX-1015, ,USD,299,261.625,37.375,I,,10,EA,20180618,500000376
60,HB-1176, ,USD,1199,1049.125,149.875,I,,10,EA,20180618,500000377
70,EB-1133, ,USD,2250,1968.75,281.25,I,,5,EA,20180618,500000378
10,RC-1053, ,USD,4599,4024.125,574.875,I,,9,EA,20180617,500000379
20,HB-1173, ,USD,649,567.875,81.125,I,,3,EA,20180617,500000380
30,RO-1003, ,USD,721,630.875,90.125,I,,4,EA,20180617,500000381
40,BX-1012, ,USD,399,349.125,49.875,I,,4,EA,20180617,500000382
50,HB-1174, ,USD,379,331.625,47.375,I,,10,EA,20180617,500000383
10,CC-1022, ,USD,1200,1050.0,150.0,I,,7,EA,20180622,500000384
20,HB-1175, ,USD,899,786.625,112.375,I,,6,EA,20180622,500000385
30,BX-1011, ,USD,249,217.875,31.125,I,,6,EA,20180622,500000386
40,CB-1161, ,USD,399,349.125,49.875,I,,5,EA,20180622,500000387
50,HB-1176, ,USD,1199,1049.125,149.875,I,,3,EA,20180622,500000388
10,CB-1161, ,USD,399,349.125,49.875,I,,6,EA,20180709,500000389
20,EB-1133, ,USD,2250,1968.75,281.25,I,,3,EA,20180709,500000390
30,BX-1013, ,USD,449,392.875,56.125,I,,2,EA,20180709,500000391
40,EB-1137, ,USD,7900,6912.5,987.5,I,,7,EA,20180709,500000392
50,RC-1057, ,USD,4999,4374.125,624.875,I,,8,EA,20180709,500000393
60,CB-1163, ,USD,288,252.0,36.0,I,,4,EA,20180709,500000394
70,BX-1015, ,USD,299,261.625,37.375,I,,10,EA,20180709,500000395
80,BX-1012, ,USD,399,349.125,49.875,I,,7,EA,20180709,500000396
90,CC-1023, ,USD,1361,1190.875,170.125,I,,8,EA,20180709,500000397
100,EB-1133, ,USD,2250,1968.75,281.25,I,,2,EA,20180709,500000398
10,HB-1175, ,USD,899,786.625,112.375,I,,9,EA,20180621,500000399
10,EB-1132, ,USD,1900,1662.5,237.5,I,,10,EA,20180716,500000400
20,RC-1051, ,USD,2499,2186.625,312.375,I,,2,EA,20180716,500000401
30,BX-1013, ,USD,449,392.875,56.125,I,,1,EA,20180716,500000402
40,MB-1033, ,USD,3999,3499.125,499.875,I,,3,EA,20180716,500000403
50,HB-1173, ,USD,649,567.875,81.125,I,,2,EA,20180716,500000404
60,HB-1173, ,USD,649,567.875,81.125,I,,3,EA,20180716,500000405
70,RC-1052, ,USD,3999,3499.125,499.875,I,,7,EA,20180716,500000406
80,MB-1033, ,USD,3999,3499.125,499.875,I,,9,EA,20180716,500000407
90,CC-1023, ,USD,1361,1190.875,170.125,I,,8,EA,20180716,500000408
100,CC-1021, ,USD,1144,1001.0,143.0,I,,1,EA,20180716,500000409
10,EB-1137, ,USD,7900,6912.5,987.5,I,,6,EA,20180627,500000410
20,BX-1013, ,USD,449,392.875,56.125,I,,1,EA,20180627,500000411
30,EB-1137, ,USD,7900,6912.5,987.5,I,,2,EA,20180627,500000412
40,BX-1014, ,USD,799,699.125,99.875,I,,8,EA,20180627,500000413
50,HB-1175, ,USD,899,786.625,112.375,I,,6,EA,20180627,500000414
60,MB-1032, ,USD,1299,1136.625,162.375,I,,10,EA,20180627,500000415
70,MB-1032, ,USD,1299,1136.625,162.375,I,,7,EA,20180627,500000416
10,EB-1131, ,USD,1500,1312.5,187.5,I,,10,EA,20180701,500000417
20,EB-1131, ,USD,1500,1312.5,187.5,I,,3,EA,20180701,500000418
30,EB-1134, ,USD,4800,4200.0,600.0,I,,4,EA,20180701,500000419
40,EB-1131, ,USD,1500,1312.5,187.5,I,,10,EA,20180701,500000420
50,RC-1053, ,USD,4599,4024.125,574.875,I,,3,EA,20180701,500000421
60,RC-1053, ,USD,4599,4024.125,574.875,I,,6,EA,20180701,500000422
70,DB-1081, ,USD,1499,1311.625,187.375,I,,5,EA,20180701,500000423
10,HB-1176, ,USD,1199,1049.125,149.875,I,,3,EA,20180708,500000424
20,EB-1135, ,USD,3000,2625.0,375.0,I,,6,EA,20180708,500000425
30,BX-1012, ,USD,399,349.125,49.875,I,,10,EA,20180708,500000426
40,RC-1051, ,USD,2499,2186.625,312.375,I,,1,EA,20180708,500000427
10,DB-1082, ,USD,1250,1093.75,156.25,I,,8,EA,20180718,500000428
20,RO-1003, ,USD,721,630.875,90.125,I,,6,EA,20180718,500000429
30,CB-1163, ,USD,288,252.0,36.0,I,,5,EA,20180718,500000430
40,RO-1002, ,USD,689,602.875,86.125,I,,5,EA,20180718,500000431
50,RC-1056, ,USD,2499,2186.625,312.375,I,,9,EA,20180718,500000432
60,CC-1022, ,USD,1200,1050.0,150.0,I,,4,EA,20180718,500000433
70,EB-1137, ,USD,7900,6912.5,987.5,I,,1,EA,20180718,500000434
80,EB-1137, ,USD,7900,6912.5,987.5,I,,1,EA,20180718,500000435
10,RC-1054, ,USD,5499,4811.625,687.375,I,,6,EA,20180713,500000436
20,CC-1022, ,USD,1200,1050.0,150.0,I,,5,EA,20180713,500000437
30,RC-1055, ,USD,1999,1749.125,249.875,I,,8,EA,20180713,500000438
40,HB-1173, ,USD,649,567.875,81.125,I,,4,EA,20180713,500000439
50,HB-1172, ,USD,799,699.125,99.875,I,,2,EA,20180713,500000440
10,CC-1022, ,USD,1200,1050.0,150.0,I,,6,EA,20180703,500000441
20,EB-1131, ,USD,1500,1312.5,187.5,I,,6,EA,20180703,500000442
30,RC-1055, ,USD,1999,1749.125,249.875,I,,5,EA,20180703,500000443
40,RC-1053, ,USD,4599,4024.125,574.875,I,,9,EA,20180703,500000444
50,MB-1034, ,USD,2499,2186.625,312.375,I,,1,EA,20180703,500000445
60,HB-1171, ,USD,699,611.625,87.375,I,,8,EA,20180703,500000446
70,CB-1162, ,USD,400,350.0,50.0,I,,9,EA,20180703,500000447
80,EB-1133, ,USD,2250,1968.75,281.25,I,,2,EA,20180703,500000448
90,MB-1033, ,USD,3999,3499.125,499.875,I,,5,EA,20180703,500000449
10,HB-1172, ,USD,799,699.125,99.875,I,,5,EA,20180708,500000450
20,EB-1132, ,USD,1900,1662.5,237.5,I,,9,EA,20180708,500000451
30,BX-1016, ,USD,319,279.125,39.875,I,,3,EA,20180708,500000452
40,CB-1161, ,USD,399,349.125,49.875,I,,7,EA,20180708,500000453
10,RC-1052, ,USD,3999,3499.125,499.875,I,,1,EA,20180712,500000454
20,DB-1083, ,USD,1199,1049.125,149.875,I,,6,EA,20180712,500000455
30,BX-1013, ,USD,449,392.875,56.125,I,,4,EA,20180712,500000456
10,RO-1002, ,USD,689,602.875,86.125,I,,8,EA,20180709,500000457
20,CC-1023, ,USD,1361,1190.875,170.125,I,,10,EA,20180709,500000458
30,RC-1056, ,USD,2499,2186.625,312.375,I,,4,EA,20180709,500000459
10,HB-1173, ,USD,649,567.875,81.125,I,,1,EA,20180720,500000460
20,BX-1013, ,USD,449,392.875,56.125,I,,1,EA,20180720,500000461
30,BX-1013, ,USD,449,392.875,56.125,I,,10,EA,20180720,500000462
40,MB-1033, ,USD,3999,3499.125,499.875,I,,7,EA,20180720,500000463
50,RO-1001, ,USD,525,459.375,65.625,I,,8,EA,20180720,500000464
60,RC-1057, ,USD,4999,4374.125,624.875,I,,2,EA,20180720,500000465
70,DB-1083, ,USD,1199,1049.125,149.875,I,,2,EA,20180720,500000466
80,EB-1133, ,USD,2250,1968.75,281.25,I,,2,EA,20180720,500000467
90,CC-1023, ,USD,1361,1190.875,170.125,I,,8,EA,20180720,500000468
100,RC-1054, ,USD,5499,4811.625,687.375,I,,4,EA,20180720,500000469
10,CC-1022, ,USD,1200,1050.0,150.0,I,,8,EA,20180729,500000470
20,HB-1174, ,USD,379,331.625,47.375,I,,1,EA,20180729,500000471
30,EB-1134, ,USD,4800,4200.0,600.0,I,,7,EA,20180729,500000472
40,BX-1014, ,USD,799,699.125,99.875,I,,6,EA,20180729,500000473
10,RC-1052, ,USD,3999,3499.125,499.875,I,,4,EA,20180715,500000474
20,RO-1001, ,USD,525,459.375,65.625,I,,10,EA,20180715,500000475
30,BX-1013, ,USD,449,392.875,56.125,I,,1,EA,20180715,500000476
10,EB-1134, ,USD,4800,4200.0,600.0,I,,5,EA,20180801,500000477
20,MB-1033, ,USD,3999,3499.125,499.875,I,,10,EA,20180801,500000478
30,BX-1011, ,USD,249,217.875,31.125,I,,3,EA,20180801,500000479
40,CC-1023, ,USD,1361,1190.875,170.125,I,,1,EA,20180801,500000480
50,RO-1002, ,USD,689,602.875,86.125,I,,2,EA,20180801,500000481
60,BX-1014, ,USD,799,699.125,99.875,I,,1,EA,20180801,500000482
70,BX-1015, ,USD,299,261.625,37.375,I,,6,EA,20180801,500000483
80,BX-1015, ,USD,299,261.625,37.375,I,,1,EA,20180801,500000484
10,HB-1176, ,USD,1199,1049.125,149.875,I,,8,EA,20180730,500000485
20,EB-1136, ,USD,5000,4375.0,625.0,I,,4,EA,20180730,500000486
30,CB-1163, ,USD,288,252.0,36.0,I,,2,EA,20180730,500000487
40,CB-1162, ,USD,400,350.0,50.0,I,,7,EA,20180730,500000488
50,EB-1132, ,USD,1900,1662.5,237.5,I,,10,EA,20180730,500000489
60,DB-1081, ,USD,1499,1311.625,187.375,I,,10,EA,20180730,500000490
70,BX-1015, ,USD,299,261.625,37.375,I,,8,EA,20180730,500000491
80,RC-1053, ,USD,4599,4024.125,574.875,I,,1,EA,20180730,500000492
10,RC-1055, ,USD,1999,1749.125,249.875,I,,6,EA,20180808,500000493
20,EB-1133, ,USD,2250,1968.75,281.25,I,,2,EA,20180808,500000494
30,RC-1056, ,USD,2499,2186.625,312.375,I,,10,EA,20180808,500000495
10,DB-1082, ,USD,1250,1093.75,156.25,I,,6,EA,20180806,500000496
20,RC-1053, ,USD,4599,4024.125,574.875,I,,9,EA,20180806,500000497
30,RO-1003, ,USD,721,630.875,90.125,I,,9,EA,20180806,500000498
40,HB-1176, ,USD,1199,1049.125,149.875,I,,7,EA,20180806,500000499
50,RC-1056, ,USD,2499,2186.625,312.375,I,,9,EA,20180806,500000500
10,EB-1132, ,USD,1900,1662.5,237.5,I,,3,EA,20180721,500000501
20,MB-1034, ,USD,2499,2186.625,312.375,I,,9,EA,20180721,500000502
10,HB-1175, ,USD,899,786.625,112.375,I,,9,EA,20180719,500000503
20,HB-1173, ,USD,649,567.875,81.125,I,,2,EA,20180719,500000504
30,HB-1172, ,USD,799,699.125,99.875,I,,8,EA,20180719,500000505
40,MB-1031, ,USD,649,567.875,81.125,I,,5,EA,20180719,500000506
50,MB-1032, ,USD,1299,1136.625,162.375,I,,1,EA,20180719,500000507
60,DB-1081, ,USD,1499,1311.625,187.375,I,,3,EA,20180719,500000508
70,RC-1051, ,USD,2499,2186.625,312.375,I,,4,EA,20180719,500000509
80,BX-1012, ,USD,399,349.125,49.875,I,,8,EA,20180719,500000510
90,BX-1013, ,USD,449,392.875,56.125,I,,10,EA,20180719,500000511
10,HB-1174, ,USD,379,331.625,47.375,I,,10,EA,20180811,500000512
20,RC-1056, ,USD,2499,2186.625,312.375,I,,8,EA,20180811,500000513
30,HB-1176, ,USD,1199,1049.125,149.875,I,,6,EA,20180811,500000514
40,DB-1083, ,USD,1199,1049.125,149.875,I,,7,EA,20180811,500000515
50,MB-1032, ,USD,1299,1136.625,162.375,I,,3,EA,20180811,500000516
10,BX-1013, ,USD,449,392.875,56.125,I,,3,EA,20180807,500000517
20,RC-1056, ,USD,2499,2186.625,312.375,I,,10,EA,20180807,500000518
10,BX-1016, ,USD,319,279.125,39.875,I,,5,EA,20180803,500000519
20,MB-1033, ,USD,3999,3499.125,499.875,I,,2,EA,20180803,500000520
10,RC-1057, ,USD,4999,4374.125,624.875,I,,7,EA,20180808,500000521
20,MB-1033, ,USD,3999,3499.125,499.875,I,,2,EA,20180808,500000522
30,RC-1057, ,USD,4999,4374.125,624.875,I,,8,EA,20180808,500000523
40,BX-1011, ,USD,249,217.875,31.125,I,,7,EA,20180808,500000524
50,BX-1011, ,USD,249,217.875,31.125,I,,5,EA,20180808,500000525
60,CB-1162, ,USD,400,350.0,50.0,I,,4,EA,20180808,500000526
70,RO-1001, ,USD,525,459.375,65.625,I,,10,EA,20180808,500000527
80,BX-1013, ,USD,449,392.875,56.125,I,,9,EA,20180808,500000528
90,BX-1013, ,USD,449,392.875,56.125,I,,1,EA,20180808,500000529
10,RC-1056, ,USD,2499,2186.625,312.375,I,,5,EA,20180822,500000530
20,EB-1132, ,USD,1900,1662.5,237.5,I,,8,EA,20180822,500000531
30,MB-1033, ,USD,3999,3499.125,499.875,I,,5,EA,20180822,500000532
40,MB-1031, ,USD,649,567.875,81.125,I,,9,EA,20180822,500000533
50,BX-1015, ,USD,299,261.625,37.375,I,,10,EA,20180822,500000534
60,HB-1171, ,USD,699,611.625,87.375,I,,4,EA,20180822,500000535
10,EB-1133, ,USD,2250,1968.75,281.25,I,,10,EA,20180829,500000536
20,MB-1033, ,USD,3999,3499.125,499.875,I,,1,EA,20180829,500000537
30,BX-1013, ,USD,449,392.875,56.125,I,,9,EA,20180829,500000538
40,BX-1015, ,USD,299,261.625,37.375,I,,9,EA,20180829,500000539
50,CB-1163, ,USD,288,252.0,36.0,I,,3,EA,20180829,500000540
60,RC-1051, ,USD,2499,2186.625,312.375,I,,8,EA,20180829,500000541
70,EB-1136, ,USD,5000,4375.0,625.0,I,,8,EA,20180829,500000542
80,EB-1132, ,USD,1900,1662.5,237.5,I,,5,EA,20180829,500000543
90,CC-1023, ,USD,1361,1190.875,170.125,I,,2,EA,20180829,500000544
100,HB-1173, ,USD,649,567.875,81.125,I,,5,EA,20180829,500000545
10,CC-1023, ,USD,1361,1190.875,170.125,I,,7,EA,20180806,500000546
20,EB-1135, ,USD,3000,2625.0,375.0,I,,7,EA,20180806,500000547
30,CB-1162, ,USD,400,350.0,50.0,I,,4,EA,20180806,500000548
40,CC-1021, ,USD,1144,1001.0,143.0,I,,8,EA,20180806,500000549
10,CB-1161, ,USD,399,349.125,49.875,I,,9,EA,20180808,500000550
20,HB-1171, ,USD,699,611.625,87.375,I,,3,EA,20180808,500000551
30,CB-1163, ,USD,288,252.0,36.0,I,,4,EA,20180808,500000552
40,CC-1022, ,USD,1200,1050.0,150.0,I,,6,EA,20180808,500000553
50,CC-1023, ,USD,1361,1190.875,170.125,I,,1,EA,20180808,500000554
60,RO-1002, ,USD,689,602.875,86.125,I,,5,EA,20180808,500000555
70,DB-1083, ,USD,1199,1049.125,149.875,I,,8,EA,20180808,500000556
80,RC-1054, ,USD,5499,4811.625,687.375,I,,2,EA,20180808,500000557
90,EB-1134, ,USD,4800,4200.0,600.0,I,,2,EA,20180808,500000558
100,BX-1014, ,USD,799,699.125,99.875,I,,6,EA,20180808,500000559
10,RO-1003, ,USD,721,630.875,90.125,I,,3,EA,20180731,500000560
20,RC-1056, ,USD,2499,2186.625,312.375,I,,6,EA,20180731,500000561
30,CC-1021, ,USD,1144,1001.0,143.0,I,,4,EA,20180731,500000562
40,RO-1001, ,USD,525,459.375,65.625,I,,9,EA,20180731,500000563
50,HB-1176, ,USD,1199,1049.125,149.875,I,,5,EA,20180731,500000564
60,CB-1162, ,USD,400,350.0,50.0,I,,6,EA,20180731,500000565
70,DB-1083, ,USD,1199,1049.125,149.875,I,,9,EA,20180731,500000566
80,BX-1016, ,USD,319,279.125,39.875,I,,3,EA,20180731,500000567
10,BX-1014, ,USD,799,699.125,99.875,I,,9,EA,20180828,500000568
10,CC-1021, ,USD,1144,1001.0,143.0,I,,4,EA,20180809,500000569
20,RO-1001, ,USD,525,459.375,65.625,I,,8,EA,20180809,500000570
30,RC-1057, ,USD,4999,4374.125,624.875,I,,7,EA,20180809,500000571
40,CC-1022, ,USD,1200,1050.0,150.0,I,,6,EA,20180809,500000572
50,BX-1011, ,USD,249,217.875,31.125,I,,8,EA,20180809,500000573
60,RC-1053, ,USD,4599,4024.125,574.875,I,,6,EA,20180809,500000574
70,BX-1011, ,USD,249,217.875,31.125,I,,1,EA,20180809,500000575
80,HB-1173, ,USD,649,567.875,81.125,I,,6,EA,20180809,500000576
90,MB-1033, ,USD,3999,3499.125,499.875,I,,3,EA,20180809,500000577
10,RO-1001, ,USD,525,459.375,65.625,I,,1,EA,20180902,500000578
20,MB-1034, ,USD,2499,2186.625,312.375,I,,5,EA,20180902,500000579
30,BX-1013, ,USD,449,392.875,56.125,I,,10,EA,20180902,500000580
10,RC-1052, ,USD,3999,3499.125,499.875,I,,10,EA,20180820,500000581
20,HB-1172, ,USD,799,699.125,99.875,I,,9,EA,20180820,500000582
30,MB-1033, ,USD,3999,3499.125,499.875,I,,2,EA,20180820,500000583
10,RO-1003, ,USD,721,630.875,90.125,I,,7,EA,20180810,500000584
20,DB-1081, ,USD,1499,1311.625,187.375,I,,3,EA,20180810,500000585
30,DB-1081, ,USD,1499,1311.625,187.375,I,,3,EA,20180810,500000586
40,EB-1135, ,USD,3000,2625.0,375.0,I,,6,EA,20180810,500000587
50,HB-1174, ,USD,379,331.625,47.375,I,,7,EA,20180810,500000588
60,CC-1022, ,USD,1200,1050.0,150.0,I,,8,EA,20180810,500000589
10,RC-1051, ,USD,2499,2186.625,312.375,I,,8,EA,20180822,500000590
20,DB-1082, ,USD,1250,1093.75,156.25,I,,1,EA,20180822,500000591
30,RO-1002, ,USD,689,602.875,86.125,I,,5,EA,20180822,500000592
40,EB-1135, ,USD,3000,2625.0,375.0,I,,10,EA,20180822,500000593
50,RC-1057, ,USD,4999,4374.125,624.875,I,,3,EA,20180822,500000594
60,BX-1013, ,USD,449,392.875,56.125,I,,8,EA,20180822,500000595
70,BX-1016, ,USD,319,279.125,39.875,I,,2,EA,20180822,500000596
80,BX-1015, ,USD,299,261.625,37.375,I,,3,EA,20180822,500000597
90,RC-1055, ,USD,1999,1749.125,249.875,I,,6,EA,20180822,500000598
10,MB-1032, ,USD,1299,1136.625,162.375,I,,7,EA,20180823,500000599
20,BX-1014, ,USD,799,699.125,99.875,I,,7,EA,20180823,500000600
30,BX-1013, ,USD,449,392.875,56.125,I,,8,EA,20180823,500000601
40,BX-1012, ,USD,399,349.125,49.875,I,,4,EA,20180823,500000602
50,BX-1015, ,USD,299,261.625,37.375,I,,1,EA,20180823,500000603
60,MB-1034, ,USD,2499,2186.625,312.375,I,,4,EA,20180823,500000604
70,HB-1172, ,USD,799,699.125,99.875,I,,2,EA,20180823,500000605
80,RC-1055, ,USD,1999,1749.125,249.875,I,,4,EA,20180823,500000606
90,CC-1023, ,USD,1361,1190.875,170.125,I,,10,EA,20180823,500000607
100,EB-1133, ,USD,2250,1968.75,281.25,I,,1,EA,20180823,500000608
10,RC-1054, ,USD,5499,4811.625,687.375,I,,6,EA,20180911,500000609
20,RC-1054, ,USD,5499,4811.625,687.375,I,,4,EA,20180911,500000610
10,EB-1134, ,USD,4800,4200.0,600.0,I,,7,EA,20180829,500000611
20,RC-1056, ,USD,2499,2186.625,312.375,I,,3,EA,20180829,500000612
30,MB-1033, ,USD,3999,3499.125,499.875,I,,6,EA,20180829,500000613
10,CB-1163, ,USD,288,252.0,36.0,I,,10,EA,20180824,500000614
20,BX-1011, ,USD,249,217.875,31.125,I,,8,EA,20180824,500000615
30,EB-1134, ,USD,4800,4200.0,600.0,I,,2,EA,20180824,500000616
40,RC-1055, ,USD,1999,1749.125,249.875,I,,8,EA,20180824,500000617
10,HB-1173, ,USD,649,567.875,81.125,I,,10,EA,29991212,500000618
20,DB-1082, ,USD,1250,1093.75,156.25,I,,7,EA,29991212,500000619
30,BX-1013, ,USD,449,392.875,56.125,I,,5,EA,29991212,500000620
40,DB-1082, ,USD,1250,1093.75,156.25,I,,5,EA,29991212,500000621
50,RC-1054, ,USD,5499,4811.625,687.375,I,,2,EA,29991212,500000622
60,MB-1033, ,USD,3999,3499.125,499.875,I,,4,EA,29991212,500000623
70,CB-1163, ,USD,288,252.0,36.0,I,,7,EA,29991212,500000624
80,EB-1134, ,USD,4800,4200.0,600.0,I,,1,EA,29991212,500000625
90,CC-1023, ,USD,1361,1190.875,170.125,I,,3,EA,29991212,500000626
100,CB-1163, ,USD,288,252.0,36.0,I,,2,EA,29991212,500000627
10,RC-1057, ,USD,4999,4374.125,624.875,I,,10,EA,20180903,500000628
20,BX-1013, ,USD,449,392.875,56.125,I,,7,EA,20180903,500000629
30,RC-1052, ,USD,3999,3499.125,499.875,I,,7,EA,20180903,500000630
40,CB-1161, ,USD,399,349.125,49.875,I,,3,EA,20180903,500000631
50,RC-1057, ,USD,4999,4374.125,624.875,I,,2,EA,20180903,500000632
60,EB-1135, ,USD,3000,2625.0,375.0,I,,5,EA,20180903,500000633
10,DB-1082, ,USD,1250,1093.75,156.25,I,,5,EA,20180902,500000634
20,RO-1003, ,USD,721,630.875,90.125,I,,10,EA,20180902,500000635
30,BX-1013, ,USD,449,392.875,56.125,I,,3,EA,20180902,500000636
10,RC-1054, ,USD,5499,4811.625,687.375,I,,10,EA,20180829,500000637
20,CC-1021, ,USD,1144,1001.0,143.0,I,,3,EA,20180829,500000638
30,EB-1134, ,USD,4800,4200.0,600.0,I,,3,EA,20180829,500000639
40,BX-1016, ,USD,319,279.125,39.875,I,,9,EA,20180829,500000640
10,HB-1173, ,USD,649,567.875,81.125,I,,4,EA,20180913,500000641
20,BX-1013, ,USD,449,392.875,56.125,I,,4,EA,20180913,500000642
10,MB-1034, ,USD,2499,2186.625,312.375,I,,5,EA,20180909,500000643
10,MB-1031, ,USD,649,567.875,81.125,I,,3,EA,20180917,500000644
20,BX-1015, ,USD,299,261.625,37.375,I,,4,EA,20180917,500000645
30,BX-1013, ,USD,449,392.875,56.125,I,,1,EA,20180917,500000646
40,RC-1056, ,USD,2499,2186.625,312.375,I,,7,EA,20180917,500000647
50,MB-1031, ,USD,649,567.875,81.125,I,,8,EA,20180917,500000648
60,CC-1023, ,USD,1361,1190.875,170.125,I,,10,EA,20180917,500000649
70,HB-1172, ,USD,799,699.125,99.875,I,,8,EA,20180917,500000650
80,EB-1131, ,USD,1500,1312.5,187.5,I,,3,EA,20180917,500000651
90,CC-1023, ,USD,1361,1190.875,170.125,I,,5,EA,20180917,500000652
100,EB-1135, ,USD,3000,2625.0,375.0,I,,3,EA,20180917,500000653
10,RC-1055, ,USD,1999,1749.125,249.875,I,,2,EA,20180908,500000654
20,RC-1051, ,USD,2499,2186.625,312.375,I,,7,EA,20180908,500000655
30,BX-1014, ,USD,799,699.125,99.875,I,,1,EA,20180908,500000656
40,EB-1132, ,USD,1900,1662.5,237.5,I,,8,EA,20180908,500000657
50,CB-1163, ,USD,288,252.0,36.0,I,,7,EA,20180908,500000658
60,RC-1053, ,USD,4599,4024.125,574.875,I,,7,EA,20180908,500000659
10,RC-1053, ,USD,4599,4024.125,574.875,I,,8,EA,20180920,500000660
20,RC-1052, ,USD,3999,3499.125,499.875,I,,1,EA,20180920,500000661
30,RO-1003, ,USD,721,630.875,90.125,I,,1,EA,20180920,500000662
40,RC-1057, ,USD,4999,4374.125,624.875,I,,6,EA,20180920,500000663
50,RC-1055, ,USD,1999,1749.125,249.875,I,,5,EA,20180920,500000664
10,HB-1172, ,USD,799,699.125,99.875,I,,2,EA,20180930,500000665
20,BX-1012, ,USD,399,349.125,49.875,I,,1,EA,20180930,500000666
30,BX-1016, ,USD,319,279.125,39.875,I,,4,EA,20180930,500000667
40,CC-1022, ,USD,1200,1050.0,150.0,I,,3,EA,20180930,500000668
50,EB-1136, ,USD,5000,4375.0,625.0,I,,8,EA,20180930,500000669
60,HB-1176, ,USD,1199,1049.125,149.875,I,,7,EA,20180930,500000670
10,CB-1163, ,USD,288,252.0,36.0,I,,8,EA,20180921,500000671
20,HB-1174, ,USD,379,331.625,47.375,I,,1,EA,20180921,500000672
30,RC-1052, ,USD,3999,3499.125,499.875,I,,2,EA,20180921,500000673
40,DB-1081, ,USD,1499,1311.625,187.375,I,,8,EA,20180921,500000674
50,HB-1171, ,USD,699,611.625,87.375,I,,1,EA,20180921,500000675
60,DB-1082, ,USD,1250,1093.75,156.25,I,,2,EA,20180921,500000676
70,RO-1003, ,USD,721,630.875,90.125,I,,3,EA,20180921,500000677
80,BX-1012, ,USD,399,349.125,49.875,I,,7,EA,20180921,500000678
90,BX-1013, ,USD,449,392.875,56.125,I,,10,EA,20180921,500000679
10,BX-1015, ,USD,299,261.625,37.375,I,,9,EA,20180920,500000680
20,DB-1081, ,USD,1499,1311.625,187.375,I,,4,EA,20180920,500000681
30,MB-1033, ,USD,3999,3499.125,499.875,I,,1,EA,20180920,500000682
40,BX-1015, ,USD,299,261.625,37.375,I,,2,EA,20180920,500000683
50,EB-1131, ,USD,1500,1312.5,187.5,I,,3,EA,20180920,500000684
60,CC-1022, ,USD,1200,1050.0,150.0,I,,8,EA,20180920,500000685
70,MB-1031, ,USD,649,567.875,81.125,I,,7,EA,20180920,500000686
80,MB-1033, ,USD,3999,3499.125,499.875,I,,3,EA,20180920,500000687
10,RC-1051, ,USD,2499,2186.625,312.375,I,,6,EA,20180914,500000688
20,EB-1134, ,USD,4800,4200.0,600.0,I,,1,EA,20180914,500000689
30,DB-1081, ,USD,1499,1311.625,187.375,I,,5,EA,20180914,500000690
40,DB-1082, ,USD,1250,1093.75,156.25,I,,10,EA,20180914,500000691
50,EB-1131, ,USD,1500,1312.5,187.5,I,,6,EA,20180914,500000692
60,EB-1133, ,USD,2250,1968.75,281.25,I,,10,EA,20180914,500000693
10,HB-1176, ,USD,1199,1049.125,149.875,I,,2,EA,20180927,500000694
20,CB-1162, ,USD,400,350.0,50.0,I,,7,EA,20180927,500000695
30,EB-1134, ,USD,4800,4200.0,600.0,I,,3,EA,20180927,500000696
40,MB-1034, ,USD,2499,2186.625,312.375,I,,5,EA,20180927,500000697
10,EB-1137, ,USD,7900,6912.5,987.5,I,,8,EA,20181007,500000698
20,RO-1003, ,USD,721,630.875,90.125,I,,10,EA,20181007,500000699
30,BX-1013, ,USD,449,392.875,56.125,I,,5,EA,20181007,500000700
40,RC-1052, ,USD,3999,3499.125,499.875,I,,10,EA,20181007,500000701
50,EB-1137, ,USD,7900,6912.5,987.5,I,,8,EA,20181007,500000702
60,EB-1131, ,USD,1500,1312.5,187.5,I,,8,EA,20181007,500000703
70,HB-1174, ,USD,379,331.625,47.375,I,,2,EA,20181007,500000704
80,BX-1011, ,USD,249,217.875,31.125,I,,9,EA,20181007,500000705
90,BX-1013, ,USD,449,392.875,56.125,I,,7,EA,20181007,500000706
10,DB-1083, ,USD,1199,1049.125,149.875,I,,5,EA,20180906,500000707
20,RC-1053, ,USD,4599,4024.125,574.875,I,,10,EA,20180906,500000708
10,CC-1023, ,USD,1361,1190.875,170.125,I,,2,EA,20180926,500000709
20,DB-1083, ,USD,1199,1049.125,149.875,I,,8,EA,20180926,500000710
30,DB-1081, ,USD,1499,1311.625,187.375,I,,8,EA,20180926,500000711
40,DB-1082, ,USD,1250,1093.75,156.25,I,,1,EA,20180926,500000712
50,CC-1021, ,USD,1144,1001.0,143.0,I,,1,EA,20180926,500000713
60,BX-1014, ,USD,799,699.125,99.875,I,,3,EA,20180926,500000714
10,CB-1161, ,USD,399,349.125,49.875,I,,10,EA,20181007,500000715
20,RC-1053, ,USD,4599,4024.125,574.875,I,,6,EA,20181007,500000716
30,CC-1021, ,USD,1144,1001.0,143.0,I,,6,EA,20181007,500000717
40,CB-1161, ,USD,399,349.125,49.875,I,,1,EA,20181007,500000718
50,EB-1137, ,USD,7900,6912.5,987.5,I,,9,EA,20181007,500000719
10,EB-1131, ,USD,1500,1312.5,187.5,I,,4,EA,20181009,500000720
20,MB-1033, ,USD,3999,3499.125,499.875,I,,2,EA,20181009,500000721
30,RC-1055, ,USD,1999,1749.125,249.875,I,,2,EA,20181009,500000722
40,MB-1034, ,USD,2499,2186.625,312.375,I,,5,EA,20181009,500000723
50,HB-1176, ,USD,1199,1049.125,149.875,I,,3,EA,20181009,500000724
60,EB-1136, ,USD,5000,4375.0,625.0,I,,8,EA,20181009,500000725
70,BX-1012, ,USD,399,349.125,49.875,I,,6,EA,20181009,500000726
80,CB-1163, ,USD,288,252.0,36.0,I,,8,EA,20181009,500000727
90,MB-1033, ,USD,3999,3499.125,499.875,I,,8,EA,20181009,500000728
10,DB-1081, ,USD,1499,1311.625,187.375,I,,9,EA,20181010,500000729
20,MB-1031, ,USD,649,567.875,81.125,I,,2,EA,20181010,500000730
30,RC-1054, ,USD,5499,4811.625,687.375,I,,9,EA,20181010,500000731
40,CB-1163, ,USD,288,252.0,36.0,I,,6,EA,20181010,500000732
50,HB-1174, ,USD,379,331.625,47.375,I,,4,EA,20181010,500000733
60,RO-1001, ,USD,525,459.375,65.625,I,,7,EA,20181010,500000734
70,EB-1132, ,USD,1900,1662.5,237.5,I,,5,EA,20181010,500000735
80,EB-1131, ,USD,1500,1312.5,187.5,I,,2,EA,20181010,500000736
90,BX-1015, ,USD,299,261.625,37.375,I,,10,EA,20181010,500000737
10,DB-1081, ,USD,1499,1311.625,187.375,I,,5,EA,20181006,500000738
20,RC-1057, ,USD,4999,4374.125,624.875,I,,2,EA,20181006,500000739
10,DB-1083, ,USD,1199,1049.125,149.875,I,,2,EA,20181016,500000740
20,RO-1003, ,USD,721,630.875,90.125,I,,5,EA,20181016,500000741
10,DB-1081, ,USD,1499,1311.625,187.375,I,,2,EA,20181014,500000742
20,EB-1136, ,USD,5000,4375.0,625.0,I,,4,EA,20181014,500000743
30,CC-1023, ,USD,1361,1190.875,170.125,I,,6,EA,20181014,500000744
40,BX-1013, ,USD,449,392.875,56.125,I,,5,EA,20181014,500000745
10,EB-1137, ,USD,7900,6912.5,987.5,I,,9,EA,20181014,500000746
20,RC-1051, ,USD,2499,2186.625,312.375,I,,9,EA,20181014,500000747
30,RC-1055, ,USD,1999,1749.125,249.875,I,,4,EA,20181014,500000748
40,RC-1053, ,USD,4599,4024.125,574.875,I,,1,EA,20181014,500000749
50,HB-1173, ,USD,649,567.875,81.125,I,,7,EA,20181014,500000750
60,DB-1083, ,USD,1199,1049.125,149.875,I,,6,EA,20181014,500000751
70,MB-1032, ,USD,1299,1136.625,162.375,I,,3,EA,20181014,500000752
80,RO-1001, ,USD,525,459.375,65.625,I,,3,EA,20181014,500000753
90,MB-1033, ,USD,3999,3499.125,499.875,I,,2,EA,20181014,500000754
10,BX-1013, ,USD,449,392.875,56.125,I,,9,EA,20181004,500000755
20,EB-1134, ,USD,4800,4200.0,600.0,I,,2,EA,20181004,500000756
30,EB-1134, ,USD,4800,4200.0,600.0,I,,4,EA,20181004,500000757
40,HB-1175, ,USD,899,786.625,112.375,I,,3,EA,20181004,500000758
50,BX-1012, ,USD,399,349.125,49.875,I,,2,EA,20181004,500000759
60,BX-1011, ,USD,249,217.875,31.125,I,,10,EA,20181004,500000760
70,HB-1175, ,USD,899,786.625,112.375,I,,10,EA,20181004,500000761
10,BX-1015, ,USD,299,261.625,37.375,I,,10,EA,20181016,500000762
20,HB-1172, ,USD,799,699.125,99.875,I,,4,EA,20181016,500000763
30,CB-1162, ,USD,400,350.0,50.0,I,,1,EA,20181016,500000764
40,HB-1174, ,USD,379,331.625,47.375,I,,4,EA,20181016,500000765
50,MB-1034, ,USD,2499,2186.625,312.375,I,,2,EA,20181016,500000766
60,RO-1001, ,USD,525,459.375,65.625,I,,10,EA,20181016,500000767
70,CC-1023, ,USD,1361,1190.875,170.125,I,,7,EA,20181016,500000768
80,RC-1054, ,USD,5499,4811.625,687.375,I,,5,EA,20181016,500000769
10,BX-1015, ,USD,299,261.625,37.375,I,,3,EA,20181006,500000770
20,HB-1173, ,USD,649,567.875,81.125,I,,1,EA,20181006,500000771
30,RC-1056, ,USD,2499,2186.625,312.375,I,,10,EA,20181006,500000772
40,DB-1083, ,USD,1199,1049.125,149.875,I,,10,EA,20181006,500000773
50,EB-1135, ,USD,3000,2625.0,375.0,I,,10,EA,20181006,500000774
60,CB-1163, ,USD,288,252.0,36.0,I,,4,EA,20181006,500000775
70,CB-1162, ,USD,400,350.0,50.0,I,,7,EA,20181006,500000776
80,CC-1021, ,USD,1144,1001.0,143.0,I,,7,EA,20181006,500000777
90,BX-1013, ,USD,449,392.875,56.125,I,,3,EA,20181006,500000778
10,RC-1053, ,USD,4599,4024.125,574.875,I,,10,EA,20181013,500000779
20,BX-1016, ,USD,319,279.125,39.875,I,,6,EA,20181013,500000780
30,HB-1171, ,USD,699,611.625,87.375,I,,1,EA,20181013,500000781
40,HB-1171, ,USD,699,611.625,87.375,I,,1,EA,20181013,500000782
50,HB-1174, ,USD,379,331.625,47.375,I,,6,EA,20181013,500000783
10,RC-1055, ,USD,1999,1749.125,249.875,I,,6,EA,20181023,500000784
20,EB-1136, ,USD,5000,4375.0,625.0,I,,5,EA,20181023,500000785
30,BX-1013, ,USD,449,392.875,56.125,I,,3,EA,20181023,500000786
40,RC-1057, ,USD,4999,4374.125,624.875,I,,6,EA,20181023,500000787
50,HB-1176, ,USD,1199,1049.125,149.875,I,,5,EA,20181023,500000788
60,HB-1176, ,USD,1199,1049.125,149.875,I,,7,EA,20181023,500000789
70,HB-1171, ,USD,699,611.625,87.375,I,,2,EA,20181023,500000790
80,EB-1133, ,USD,2250,1968.75,281.25,I,,7,EA,20181023,500000791
10,HB-1175, ,USD,899,786.625,112.375,I,,6,EA,20181017,500000792
20,HB-1175, ,USD,899,786.625,112.375,I,,9,EA,20181017,500000793
30,HB-1174, ,USD,379,331.625,47.375,I,,2,EA,20181017,500000794
40,BX-1014, ,USD,799,699.125,99.875,I,,2,EA,20181017,500000795
50,RO-1002, ,USD,689,602.875,86.125,I,,10,EA,20181017,500000796
60,CB-1161, ,USD,399,349.125,49.875,I,,6,EA,20181017,500000797
70,DB-1082, ,USD,1250,1093.75,156.25,I,,4,EA,20181017,500000798
80,BX-1014, ,USD,799,699.125,99.875,I,,7,EA,20181017,500000799
90,HB-1175, ,USD,899,786.625,112.375,I,,9,EA,20181017,500000800
100,MB-1031, ,USD,649,567.875,81.125,I,,6,EA,20181017,500000801
10,MB-1034, ,USD,2499,2186.625,312.375,I,,6,EA,20181015,500000802
20,EB-1132, ,USD,1900,1662.5,237.5,I,,9,EA,20181015,500000803
30,BX-1013, ,USD,449,392.875,56.125,I,,4,EA,20181015,500000804
10,RO-1001, ,USD,525,459.375,65.625,I,,6,EA,20181103,500000805
20,RC-1054, ,USD,5499,4811.625,687.375,I,,3,EA,20181103,500000806
30,HB-1174, ,USD,379,331.625,47.375,I,,4,EA,20181103,500000807
40,HB-1171, ,USD,699,611.625,87.375,I,,1,EA,20181103,500000808
10,CB-1161, ,USD,399,349.125,49.875,I,,9,EA,20181026,500000809
20,RC-1051, ,USD,2499,2186.625,312.375,I,,9,EA,20181026,500000810
30,DB-1081, ,USD,1499,1311.625,187.375,I,,7,EA,20181026,500000811
40,EB-1135, ,USD,3000,2625.0,375.0,I,,3,EA,20181026,500000812
50,RC-1053, ,USD,4599,4024.125,574.875,I,,1,EA,20181026,500000813
60,MB-1032, ,USD,1299,1136.625,162.375,I,,8,EA,20181026,500000814
10,HB-1174, ,USD,379,331.625,47.375,I,,7,EA,20181013,500000815
20,HB-1174, ,USD,379,331.625,47.375,I,,5,EA,20181013,500000816
30,MB-1033, ,USD,3999,3499.125,499.875,I,,9,EA,20181013,500000817
10,MB-1033, ,USD,3999,3499.125,499.875,I,,6,EA,20181023,500000818
20,RC-1051, ,USD,2499,2186.625,312.375,I,,6,EA,20181023,500000819
30,CB-1163, ,USD,288,252.0,36.0,I,,10,EA,20181023,500000820
40,RC-1055, ,USD,1999,1749.125,249.875,I,,10,EA,20181023,500000821
50,EB-1134, ,USD,4800,4200.0,600.0,I,,4,EA,20181023,500000822
60,BX-1015, ,USD,299,261.625,37.375,I,,5,EA,20181023,500000823
70,CC-1021, ,USD,1144,1001.0,143.0,I,,6,EA,20181023,500000824
80,BX-1014, ,USD,799,699.125,99.875,I,,1,EA,20181023,500000825
10,EB-1137, ,USD,7900,6912.5,987.5,I,,2,EA,20181010,500000826
20,MB-1032, ,USD,1299,1136.625,162.375,I,,3,EA,20181010,500000827
30,RC-1055, ,USD,1999,1749.125,249.875,I,,1,EA,20181010,500000828
40,CB-1162, ,USD,400,350.0,50.0,I,,2,EA,20181010,500000829
50,EB-1131, ,USD,1500,1312.5,187.5,I,,5,EA,20181010,500000830
60,RC-1053, ,USD,4599,4024.125,574.875,I,,3,EA,20181010,500000831
70,DB-1082, ,USD,1250,1093.75,156.25,I,,1,EA,20181010,500000832
10,BX-1015, ,USD,299,261.625,37.375,I,,9,EA,20181013,500000833
20,RC-1051, ,USD,2499,2186.625,312.375,I,,8,EA,20181013,500000834
30,MB-1034, ,USD,2499,2186.625,312.375,I,,2,EA,20181013,500000835
40,BX-1015, ,USD,299,261.625,37.375,I,,2,EA,20181013,500000836
50,EB-1135, ,USD,3000,2625.0,375.0,I,,9,EA,20181013,500000837
60,EB-1137, ,USD,7900,6912.5,987.5,I,,5,EA,20181013,500000838
70,MB-1031, ,USD,649,567.875,81.125,I,,7,EA,20181013,500000839
80,DB-1083, ,USD,1199,1049.125,149.875,I,,8,EA,20181013,500000840
90,BX-1013, ,USD,449,392.875,56.125,I,,2,EA,20181013,500000841
10,EB-1131, ,USD,1500,1312.5,187.5,I,,9,EA,20181020,500000842
20,EB-1132, ,USD,1900,1662.5,237.5,I,,2,EA,20181020,500000843
30,CB-1161, ,USD,399,349.125,49.875,I,,9,EA,20181020,500000844
40,MB-1033, ,USD,3999,3499.125,499.875,I,,4,EA,20181020,500000845
50,CC-1022, ,USD,1200,1050.0,150.0,I,,9,EA,20181020,500000846
60,EB-1136, ,USD,5000,4375.0,625.0,I,,3,EA,20181020,500000847
10,HB-1175, ,USD,899,786.625,112.375,I,,4,EA,20181113,500000848
20,RO-1001, ,USD,525,459.375,65.625,I,,10,EA,20181113,500000849
30,RC-1055, ,USD,1999,1749.125,249.875,I,,1,EA,20181113,500000850
40,BX-1015, ,USD,299,261.625,37.375,I,,9,EA,20181113,500000851
50,BX-1015, ,USD,299,261.625,37.375,I,,2,EA,20181113,500000852
60,CB-1163, ,USD,288,252.0,36.0,I,,9,EA,20181113,500000853
70,RO-1001, ,USD,525,459.375,65.625,I,,9,EA,20181113,500000854
80,DB-1082, ,USD,1250,1093.75,156.25,I,,9,EA,20181113,500000855
90,MB-1033, ,USD,3999,3499.125,499.875,I,,10,EA,20181113,500000856
10,RO-1003, ,USD,721,630.875,90.125,I,,4,EA,20181031,500000857
20,DB-1083, ,USD,1199,1049.125,149.875,I,,10,EA,20181031,500000858
10,CC-1023, ,USD,1361,1190.875,170.125,I,,10,EA,20181108,500000859
20,HB-1175, ,USD,899,786.625,112.375,I,,7,EA,20181108,500000860
30,BX-1013, ,USD,449,392.875,56.125,I,,6,EA,20181108,500000861
40,MB-1032, ,USD,1299,1136.625,162.375,I,,5,EA,20181108,500000862
50,RO-1001, ,USD,525,459.375,65.625,I,,10,EA,20181108,500000863
60,MB-1031, ,USD,649,567.875,81.125,I,,7,EA,20181108,500000864
70,CB-1162, ,USD,400,350.0,50.0,I,,2,EA,20181108,500000865
80,EB-1131, ,USD,1500,1312.5,187.5,I,,7,EA,20181108,500000866
90,CC-1023, ,USD,1361,1190.875,170.125,I,,9,EA,20181108,500000867
100,RC-1055, ,USD,1999,1749.125,249.875,I,,1,EA,20181108,500000868
10,CC-1023, ,USD,1361,1190.875,170.125,I,,7,EA,20181106,500000869
20,EB-1132, ,USD,1900,1662.5,237.5,I,,10,EA,20181106,500000870
30,MB-1034, ,USD,2499,2186.625,312.375,I,,3,EA,20181106,500000871
40,HB-1172, ,USD,799,699.125,99.875,I,,8,EA,20181106,500000872
50,HB-1171, ,USD,699,611.625,87.375,I,,9,EA,20181106,500000873
60,CC-1021, ,USD,1144,1001.0,143.0,I,,6,EA,20181106,500000874
70,DB-1081, ,USD,1499,1311.625,187.375,I,,4,EA,20181106,500000875
80,EB-1135, ,USD,3000,2625.0,375.0,I,,2,EA,20181106,500000876
90,BX-1011, ,USD,249,217.875,31.125,I,,2,EA,20181106,500000877
100,CB-1162, ,USD,400,350.0,50.0,I,,3,EA,20181106,500000878
10,BX-1011, ,USD,249,217.875,31.125,I,,1,EA,20181028,500000879
20,RC-1057, ,USD,4999,4374.125,624.875,I,,10,EA,20181028,500000880
30,BX-1013, ,USD,449,392.875,56.125,I,,10,EA,20181028,500000881
40,DB-1081, ,USD,1499,1311.625,187.375,I,,1,EA,20181028,500000882
50,EB-1137, ,USD,7900,6912.5,987.5,I,,1,EA,20181028,500000883
60,BX-1014, ,USD,799,699.125,99.875,I,,10,EA,20181028,500000884
70,MB-1034, ,USD,2499,2186.625,312.375,I,,5,EA,20181028,500000885
80,RO-1003, ,USD,721,630.875,90.125,I,,10,EA,20181028,500000886
90,CC-1023, ,USD,1361,1190.875,170.125,I,,9,EA,20181028,500000887
100,RC-1055, ,USD,1999,1749.125,249.875,I,,10,EA,20181028,500000888
10,BX-1016, ,USD,319,279.125,39.875,I,,9,EA,20181114,500000889
20,BX-1014, ,USD,799,699.125,99.875,I,,4,EA,20181114,500000890
30,EB-1134, ,USD,4800,4200.0,600.0,I,,10,EA,20181114,500000891
40,RC-1052, ,USD,3999,3499.125,499.875,I,,4,EA,20181114,500000892
10,RC-1056, ,USD,2499,2186.625,312.375,I,,10,EA,20181114,500000893
20,CB-1161, ,USD,399,349.125,49.875,I,,2,EA,20181114,500000894
30,EB-1134, ,USD,4800,4200.0,600.0,I,,1,EA,20181114,500000895
40,EB-1135, ,USD,3000,2625.0,375.0,I,,9,EA,20181114,500000896
50,CC-1023, ,USD,1361,1190.875,170.125,I,,4,EA,20181114,500000897
60,EB-1136, ,USD,5000,4375.0,625.0,I,,8,EA,20181114,500000898
70,CC-1021, ,USD,1144,1001.0,143.0,I,,5,EA,20181114,500000899
10,EB-1132, ,USD,1900,1662.5,237.5,I,,7,EA,20181110,500000900
20,HB-1171, ,USD,699,611.625,87.375,I,,6,EA,20181110,500000901
30,DB-1082, ,USD,1250,1093.75,156.25,I,,10,EA,20181110,500000902
40,BX-1011, ,USD,249,217.875,31.125,I,,10,EA,20181110,500000903
50,RC-1052, ,USD,3999,3499.125,499.875,I,,5,EA,20181110,500000904
60,MB-1033, ,USD,3999,3499.125,499.875,I,,8,EA,20181110,500000905
70,HB-1173, ,USD,649,567.875,81.125,I,,9,EA,20181110,500000906
80,EB-1132, ,USD,1900,1662.5,237.5,I,,5,EA,20181110,500000907
90,RO-1001, ,USD,525,459.375,65.625,I,,8,EA,20181110,500000908
100,BX-1013, ,USD,449,392.875,56.125,I,,3,EA,20181110,500000909
10,MB-1033, ,USD,3999,3499.125,499.875,I,,7,EA,20181107,500000910
20,RC-1055, ,USD,1999,1749.125,249.875,I,,4,EA,20181107,500000911
30,CC-1023, ,USD,1361,1190.875,170.125,I,,3,EA,20181107,500000912
40,RC-1057, ,USD,4999,4374.125,624.875,I,,8,EA,20181107,500000913
10,BX-1011, ,USD,249,217.875,31.125,I,,7,EA,20181103,500000914
20,CC-1023, ,USD,1361,1190.875,170.125,I,,8,EA,20181103,500000915
30,EB-1137, ,USD,7900,6912.5,987.5,I,,5,EA,20181103,500000916
10,CB-1161, ,USD,399,349.125,49.875,I,,1,EA,20181126,500000917
20,DB-1083, ,USD,1199,1049.125,149.875,I,,6,EA,20181126,500000918
30,EB-1134, ,USD,4800,4200.0,600.0,I,,9,EA,20181126,500000919
40,RO-1001, ,USD,525,459.375,65.625,I,,7,EA,20181126,500000920
10,HB-1176, ,USD,1199,1049.125,149.875,I,,5,EA,20181111,500000921
20,MB-1031, ,USD,649,567.875,81.125,I,,6,EA,20181111,500000922
10,RC-1054, ,USD,5499,4811.625,687.375,I,,2,EA,20181116,500000923
20,RC-1056, ,USD,2499,2186.625,312.375,I,,7,EA,20181116,500000924
30,BX-1013, ,USD,449,392.875,56.125,I,,2,EA,20181116,500000925
10,MB-1034, ,USD,2499,2186.625,312.375,I,,8,EA,20181126,500000926
20,EB-1133, ,USD,2250,1968.75,281.25,I,,3,EA,20181126,500000927
30,BX-1016, ,USD,319,279.125,39.875,I,,6,EA,20181126,500000928
40,HB-1173, ,USD,649,567.875,81.125,I,,3,EA,20181126,500000929
50,EB-1135, ,USD,3000,2625.0,375.0,I,,5,EA,20181126,500000930
60,HB-1173, ,USD,649,567.875,81.125,I,,6,EA,20181126,500000931
70,DB-1083, ,USD,1199,1049.125,149.875,I,,8,EA,20181126,500000932
10,RC-1055, ,USD,1999,1749.125,249.875,I,,7,EA,29991212,500000933
20,EB-1132, ,USD,1900,1662.5,237.5,I,,9,EA,29991212,500000934
30,CC-1023, ,USD,1361,1190.875,170.125,I,,1,EA,29991212,500000935
40,BX-1012, ,USD,399,349.125,49.875,I,,2,EA,29991212,500000936
10,MB-1031, ,USD,649,567.875,81.125,I,,3,EA,20181203,500000937
20,EB-1134, ,USD,4800,4200.0,600.0,I,,9,EA,20181203,500000938
30,RC-1055, ,USD,1999,1749.125,249.875,I,,6,EA,20181203,500000939
40,BX-1015, ,USD,299,261.625,37.375,I,,2,EA,20181203,500000940
50,RC-1052, ,USD,3999,3499.125,499.875,I,,3,EA,20181203,500000941
60,HB-1173, ,USD,649,567.875,81.125,I,,4,EA,20181203,500000942
70,CB-1161, ,USD,399,349.125,49.875,I,,1,EA,20181203,500000943
80,EB-1133, ,USD,2250,1968.75,281.25,I,,7,EA,20181203,500000944
90,MB-1033, ,USD,3999,3499.125,499.875,I,,6,EA,20181203,500000945
10,CC-1021, ,USD,1144,1001.0,143.0,I,,2,EA,20181207,500000946
20,BX-1012, ,USD,399,349.125,49.875,I,,1,EA,20181207,500000947
30,DB-1081, ,USD,1499,1311.625,187.375,I,,8,EA,20181207,500000948
40,RC-1054, ,USD,5499,4811.625,687.375,I,,10,EA,20181207,500000949
50,EB-1134, ,USD,4800,4200.0,600.0,I,,1,EA,20181207,500000950
60,HB-1173, ,USD,649,567.875,81.125,I,,4,EA,20181207,500000951
10,MB-1034, ,USD,2499,2186.625,312.375,I,,8,EA,20181113,500000952
20,DB-1083, ,USD,1199,1049.125,149.875,I,,3,EA,20181113,500000953
10,HB-1175, ,USD,899,786.625,112.375,I,,8,EA,20181205,500000954
20,EB-1137, ,USD,7900,6912.5,987.5,I,,7,EA,20181205,500000955
30,EB-1134, ,USD,4800,4200.0,600.0,I,,8,EA,20181205,500000956
40,HB-1176, ,USD,1199,1049.125,149.875,I,,9,EA,20181205,500000957
50,BX-1013, ,USD,449,392.875,56.125,I,,2,EA,20181205,500000958
60,CC-1022, ,USD,1200,1050.0,150.0,I,,8,EA,20181205,500000959
70,BX-1013, ,USD,449,392.875,56.125,I,,9,EA,20181205,500000960
10,BX-1011, ,USD,249,217.875,31.125,I,,5,EA,20181211,500000961
10,HB-1173, ,USD,649,567.875,81.125,I,,3,EA,20181124,500000962
20,BX-1011, ,USD,249,217.875,31.125,I,,1,EA,20181124,500000963
30,EB-1134, ,USD,4800,4200.0,600.0,I,,5,EA,20181124,500000964
40,EB-1134, ,USD,4800,4200.0,600.0,I,,7,EA,20181124,500000965
10,RC-1052, ,USD,3999,3499.125,499.875,I,,10,EA,20181125,500000966
20,BX-1011, ,USD,249,217.875,31.125,I,,2,EA,20181125,500000967
30,BX-1014, ,USD,799,699.125,99.875,I,,3,EA,20181125,500000968
40,CB-1163, ,USD,288,252.0,36.0,I,,7,EA,20181125,500000969
50,HB-1175, ,USD,899,786.625,112.375,I,,2,EA,20181125,500000970
60,HB-1171, ,USD,699,611.625,87.375,I,,4,EA,20181125,500000971
70,EB-1137, ,USD,7900,6912.5,987.5,I,,8,EA,20181125,500000972
80,BX-1013, ,USD,449,392.875,56.125,I,,8,EA,20181125,500000973
90,RC-1057, ,USD,4999,4374.125,624.875,I,,7,EA,20181125,500000974
100,BX-1015, ,USD,299,261.625,37.375,I,,9,EA,20181125,500000975
10,DB-1082, ,USD,1250,1093.75,156.25,I,,8,EA,20181214,500000976
20,BX-1011, ,USD,249,217.875,31.125,I,,7,EA,20181214,500000977
30,EB-1134, ,USD,4800,4200.0,600.0,I,,9,EA,20181214,500000978
40,RC-1055, ,USD,1999,1749.125,249.875,I,,7,EA,20181214,500000979
50,RC-1057, ,USD,4999,4374.125,624.875,I,,8,EA,20181214,500000980
60,BX-1015, ,USD,299,261.625,37.375,I,,7,EA,20181214,500000981
70,HB-1175, ,USD,899,786.625,112.375,I,,1,EA,20181214,500000982
80,HB-1171, ,USD,699,611.625,87.375,I,,10,EA,20181214,500000983
90,BX-1013, ,USD,449,392.875,56.125,I,,4,EA,20181214,500000984
10,RC-1053, ,USD,4599,4024.125,574.875,I,,1,EA,20181203,500000985
20,RC-1055, ,USD,1999,1749.125,249.875,I,,6,EA,20181203,500000986
30,EB-1132, ,USD,1900,1662.5,237.5,I,,2,EA,20181203,500000987
40,BX-1016, ,USD,319,279.125,39.875,I,,7,EA,20181203,500000988
50,EB-1131, ,USD,1500,1312.5,187.5,I,,2,EA,20181203,500000989
60,MB-1031, ,USD,649,567.875,81.125,I,,5,EA,20181203,500000990
10,HB-1172, ,USD,799,699.125,99.875,I,,1,EA,20181126,500000991
20,RO-1003, ,USD,721,630.875,90.125,I,,5,EA,20181126,500000992
30,CB-1163, ,USD,288,252.0,36.0,I,,4,EA,20181126,500000993
40,RC-1052, ,USD,3999,3499.125,499.875,I,,9,EA,20181126,500000994
50,RO-1002, ,USD,689,602.875,86.125,I,,3,EA,20181126,500000995
60,CB-1162, ,USD,400,350.0,50.0,I,,2,EA,20181126,500000996
70,CC-1023, ,USD,1361,1190.875,170.125,I,,9,EA,20181126,500000997
80,EB-1137, ,USD,7900,6912.5,987.5,I,,8,EA,20181126,500000998
10,RC-1052, ,USD,3999,3499.125,499.875,I,,4,EA,20181211,500000999
20,EB-1137, ,USD,7900,6912.5,987.5,I,,1,EA,20181211,500001000
30,RC-1052, ,USD,3999,3499.125,499.875,I,,6,EA,20181211,500001001
