SALESORDERID;SALESORDERITEM;PRODUCTID;QUANTITY;CURRENCY;GROSSAMOUNT;TAXAMOUNT;NETAMOUNT;DELIVERYDATE
500000000;10;MB-1034;4;USD;13587;1698.4;11888.6;20180311
500000001;20;CB-1161;9;USD;12622;1577.8;11044.2;20180311
500000002;10;HB-1175;2;USD;45655;5706.9;39948.1;20180228
500000003;20;RC-1056;2;USD;101786;12723.2;89062.8;20180228
500000004;30;CC-1021;3;USD;71684;8960.5;62723.5;20180228
500000005;40;CB-1161;6;USD;104213;13026.6;91186.4;20180228
500000006;10;HB-1175;6;USD;173987;21748.4;152238.6;20180309
500000007;20;RC-1055;3;USD;1398;174.8;1223.2;20180309
500000008;30;DB-1081;3;USD;127803;15975.4;111827.6;20180309
500000009;40;EB-1133;10;USD;79101;9887.6;69213.4;20180309
500000010;50;BX-1015;9;USD;10322;1290.2;9031.8;20180309
500000011;60;CC-1021;4;USD;99421;12427.6;86993.4;20180309
500000012;10;RC-1056;3;USD;15630;1953.8;13676.2;20180223
500000013;20;BX-1013;2;USD;70162;8770.2;61391.8;20180223
500000014;30;RC-1056;5;USD;32734;4091.8;28642.2;20180223
500000015;40;CB-1161;1;USD;21194;2649.2;18544.8;20180223
500000016;50;EB-1131;10;USD;40691;5086.4;35604.6;20180223
500000017;60;MB-1034;3;USD;75228;9403.5;65824.5;20180223
500000018;70;DB-1082;8;USD;2871;358.9;2512.1;20180223
500000019;80;EB-1134;10;USD;27515;3439.4;24075.6;20180223
500000020;10;BX-1014;3;USD;57880;7235;50645;20180305
500000021;20;EB-1134;2;USD;379;47.4;331.6;20180305
500000022;30;CB-1163;8;USD;6950;868.8;6081.2;20180305
500000023;40;BX-1013;6;USD;85808;10726;75082;20180305
500000024;50;MB-1034;10;USD;95368;11921;83447;20180305
500000025;60;MB-1031;2;USD;55575;6946.9;48628.1;20180305
500000026;70;RC-1051;10;USD;85918;10739.8;75178.2;20180305
500000027;80;HB-1174;9;USD;104374;13046.8;91327.2;20180305
500000028;10;RC-1054;10;USD;70930;8866.2;62063.8;20180301
500000029;20;CC-1021;3;USD;95673;11959.1;83713.9;20180301
500000030;30;RC-1052;9;USD;76022;9502.8;66519.2;20180301
500000031;40;BX-1011;10;USD;49552;6194;43358;20180301
500000032;50;HB-1175;2;USD;57255;7156.9;50098.1;20180301
500000033;60;RO-1002;8;USD;73179;9147.4;64031.6;20180301
500000034;10;EB-1137;5;USD;30737;3842.1;26894.9;20180314
500000035;20;CB-1163;8;USD;50897;6362.1;44534.9;20180314
500000036;30;EB-1134;7;USD;96759;12094.9;84664.1;20180314
500000037;40;HB-1176;3;USD;6048;756;5292;20180314
500000038;50;RC-1052;6;USD;46443;5805.4;40637.6;20180314
500000039;60;EB-1135;9;USD;13248;1656;11592;20180314
500000040;70;RC-1054;8;USD;43638;5454.8;38183.2;20180314
500000041;10;HB-1171;2;USD;29100;3637.5;25462.5;20180308
500000042;10;EB-1137;10;USD;31474;3934.2;27539.8;20180225
500000043;20;CC-1022;6;USD;35479;4434.9;31044.1;20180225
500000044;30;CC-1023;10;USD;1266;158.2;1107.8;20180225
500000045;40;RC-1052;7;USD;9000;1125;7875;20180225
500000046;10;BX-1014;9;USD;95561;11945.1;83615.9;20180309
500000047;20;EB-1131;3;USD;2288;286;2002;20180309
500000048;30;EB-1135;7;USD;60113;7514.1;52598.9;20180309
500000049;40;CC-1021;1;USD;75646;9455.8;66190.2;20180309
500000050;50;EB-1135;6;USD;56388;7048.5;49339.5;20180309
500000051;60;BX-1013;10;USD;21980;2747.5;19232.5;20180309
500000052;70;DB-1081;10;USD;15643;1955.4;13687.6;20180309
500000053;80;CB-1161;8;USD;23778;2972.2;20805.8;20180309
500000054;90;HB-1171;4;USD;37718;4714.8;33003.2;20180309
500000055;100;HB-1175;2;USD;70615;8826.9;61788.1;20180309
500000056;10;RO-1002;10;USD;98082;12260.2;85821.8;20180323
500000057;20;CC-1021;3;USD;29441;3680.1;25760.9;20180323
500000058;10;MB-1032;8;USD;82715;10339.4;72375.6;20180322
500000059;20;RO-1001;3;USD;50763;6345.4;44417.6;20180322
500000060;30;MB-1031;5;USD;55380;6922.5;48457.5;20180322
500000061;40;BX-1016;1;USD;52312;6539;45773;20180322
500000062;50;EB-1132;1;USD;1598;199.8;1398.2;20180322
500000063;60;EB-1135;9;USD;157214;19651.8;137562.2;20180322
500000064;70;RC-1054;10;USD;86746;10843.2;75902.8;20180322
500000065;10;HB-1176;9;USD;79857;9982.1;69874.9;20180317
500000066;20;CB-1161;2;USD;3245;405.6;2839.4;20180317
500000067;30;BX-1013;9;USD;30531;3816.4;26714.6;20180317
500000068;10;RO-1001;3;USD;61101;7637.6;53463.4;20180321
500000069;20;BX-1015;7;USD;60306;7538.2;52767.8;20180321
500000070;30;RC-1055;8;USD;51608;6451;45157;20180321
500000071;40;RO-1001;5;USD;20880;2610;18270;20180321
500000072;50;CC-1023;3;USD;127657;15957.1;111699.9;20180321
500000073;60;EB-1133;8;USD;8091;1011.4;7079.6;20180321
500000074;70;CC-1022;9;USD;115705;14463.1;101241.9;20180321
500000075;80;RC-1051;6;USD;97518;12189.8;85328.2;20180321
500000076;10;CB-1161;3;USD;102586;12823.2;89762.8;20180315
500000077;20;DB-1082;4;USD;28086;3510.8;24575.2;20180315
500000078;30;DB-1081;10;USD;62302;7787.8;54514.2;20180315
500000079;40;BX-1011;3;USD;59180;7397.5;51782.5;20180315
500000080;50;CC-1022;7;USD;103772;12971.5;90800.5;20180315
500000081;60;CB-1162;6;USD;24845;3105.6;21739.4;20180315
500000082;10;DB-1083;2;USD;12989;1623.6;11365.4;20180403
500000083;20;CB-1162;7;USD;29118;3639.8;25478.2;20180403
500000084;30;MB-1033;4;USD;87561;10945.1;76615.9;20180403
500000085;10;RC-1052;4;USD;48373;6046.6;42326.4;20180307
500000086;20;BX-1012;1;USD;21695;2711.9;18983.1;20180307
500000087;30;RC-1052;4;USD;70368;8796;61572;20180307
500000088;40;EB-1133;2;USD;73949;9243.6;64705.4;20180307
500000089;50;EB-1132;2;USD;41484;5185.5;36298.5;20180307
500000090;10;RC-1057;1;USD;86264;10783;75481;20180305
500000091;20;DB-1083;4;USD;28191;3523.9;24667.1;20180305
500000092;30;RC-1053;1;USD;42500;5312.5;37187.5;20180305
500000093;40;DB-1081;7;USD;43266;5408.2;37857.8;20180305
500000094;50;BX-1011;1;USD;26337;3292.1;23044.9;20180305
500000095;60;EB-1132;1;USD;9593;1199.1;8393.9;20180305
500000096;70;RO-1001;8;USD;97311;12163.9;85147.1;20180305
500000097;80;RC-1054;8;USD;59317;7414.6;51902.4;20180305
500000098;10;BX-1016;9;USD;109554;13694.2;95859.8;20180328
500000099;10;DB-1082;10;USD;41279;5159.9;36119.1;20180401
500000100;20;RO-1001;5;USD;53830;6728.8;47101.2;20180401
500000101;30;DB-1083;10;USD;46601;5825.1;40775.9;20180401
500000102;40;CB-1162;1;USD;7191;898.9;6292.1;20180401
500000103;10;CC-1023;8;USD;96695;12086.9;84608.1;20180322
500000104;20;EB-1136;3;USD;17510;2188.8;15321.2;20180322
500000105;30;MB-1033;8;USD;55179;6897.4;48281.6;20180322
500000106;10;HB-1174;1;USD;44294;5536.8;38757.2;20180411
500000107;10;EB-1132;3;USD;86805;10850.6;75954.4;20180330
500000108;20;DB-1082;1;USD;55623;6952.9;48670.1;20180330
500000109;10;CB-1163;5;USD;54990;6873.8;48116.2;20180323
500000110;20;HB-1176;8;USD;65091;8136.4;56954.6;20180323
500000111;30;RC-1053;6;USD;30464;3808;26656;20180323
500000112;40;DB-1083;10;USD;62204;7775.5;54428.5;20180323
500000113;50;EB-1132;8;USD;107321;13415.1;93905.9;20180323
500000114;60;RC-1051;8;USD;14807;1850.9;12956.1;20180323
500000115;10;HB-1172;2;USD;75693;9461.6;66231.4;20180402
500000116;20;CC-1023;10;USD;4392;549;3843;20180402
500000117;30;BX-1013;5;USD;12495;1561.9;10933.1;20180402
500000118;40;CC-1021;4;USD;66584;8323;58261;20180402
500000119;50;RC-1056;5;USD;71699;8962.4;62736.6;20180402
500000120;60;EB-1135;2;USD;81501;10187.6;71313.4;20180402
500000121;70;CC-1023;10;USD;55266;6908.2;48357.8;20180402
500000122;80;CC-1022;9;USD;35318;4414.8;30903.2;20180402
500000123;90;CC-1023;4;USD;43924;5490.5;38433.5;20180402
500000124;100;MB-1034;10;USD;71289;8911.1;62377.9;20180402
500000125;10;RC-1056;10;USD;32093;4011.6;28081.4;20180325
500000126;20;HB-1173;8;USD;193987;24248.4;169738.6;20180325
500000127;30;RO-1003;5;USD;51985;6498.1;45486.9;20180325
500000128;40;BX-1013;4;USD;29097;3637.1;25459.9;20180325
500000129;50;MB-1034;8;USD;109947;13743.4;96203.6;20180325
500000130;10;DB-1081;2;USD;110778;13847.2;96930.8;20180412
500000131;20;DB-1083;6;USD;86689;10836.1;75852.9;20180412
500000132;30;BX-1013;10;USD;17493;2186.6;15306.4;20180412
500000133;40;HB-1175;2;USD;6003;750.4;5252.6;20180412
500000134;50;BX-1011;6;USD;33409;4176.1;29232.9;20180412
500000135;60;RC-1056;8;USD;131393;16424.1;114968.9;20180412
500000136;70;EB-1136;8;USD;47816;5977;41839;20180412
500000137;80;HB-1175;6;USD;55372;6921.5;48450.5;20180412
500000138;90;CC-1023;1;USD;81833;10229.1;71603.9;20180412
500000139;100;CB-1161;3;USD;51576;6447;45129;20180412
500000140;10;HB-1171;7;USD;99871;12483.9;87387.1;20180420
500000141;20;RC-1052;8;USD;47703;5962.9;41740.1;20180420
500000142;30;RC-1055;2;USD;33890;4236.2;29653.8;20180420
500000143;40;HB-1171;7;USD;21862;2732.8;19129.2;20180420
500000144;50;CB-1163;7;USD;60566;7570.8;52995.2;20180420
500000145;60;BX-1014;1;USD;40539;5067.4;35471.6;20180420
500000146;70;CB-1161;8;USD;90216;11277;78939;20180420
500000147;80;EB-1133;4;USD;45043;5630.4;39412.6;20180420
500000148;90;EB-1132;4;USD;109812;13726.5;96085.5;20180420
500000149;100;RC-1052;9;USD;62687;7835.9;54851.1;20180420
500000150;10;EB-1136;7;USD;72691;9086.4;63604.6;20180330
500000151;20;MB-1033;5;USD;14874;1859.2;13014.8;20180330
500000152;30;CC-1023;8;USD;64433;8054.1;56378.9;20180330
500000153;40;RO-1003;7;USD;69265;8658.1;60606.9;20180330
500000154;10;HB-1172;1;USD;124062;15507.8;108554.2;20180402
500000155;20;BX-1014;9;USD;70063;8757.9;61305.1;20180402
500000156;30;RC-1054;6;USD;108752;13594;95158;20180402
500000157;40;BX-1013;2;USD;105359;13169.9;92189.1;20180402
500000158;50;EB-1132;10;USD;80064;10008;70056;20180402
500000159;60;EB-1133;7;USD;52131;6516.4;45614.6;20180402
500000160;70;RO-1001;2;USD;54468;6808.5;47659.5;20180402
500000161;80;HB-1172;9;USD;9889;1236.1;8652.9;20180402
500000162;90;CC-1022;9;USD;29389;3673.6;25715.4;20180402
500000163;10;HB-1173;8;USD;59089;7386.1;51702.9;20180325
500000164;20;EB-1134;9;USD;33252;4156.5;29095.5;20180325
500000165;30;BX-1013;4;USD;112475;14059.4;98415.6;20180325
500000166;40;RO-1003;9;USD;77065;9633.1;67431.9;20180325
500000167;50;HB-1173;8;USD;23589;2948.6;20640.4;20180325
500000168;60;HB-1174;7;USD;126222;15777.8;110444.2;20180325
500000169;70;DB-1082;2;USD;1245;155.6;1089.4;20180325
500000170;80;EB-1133;4;USD;59796;7474.5;52321.5;20180325
500000171;10;CC-1021;2;USD;153971;19246.4;134724.6;20180408
500000172;20;CB-1163;2;USD;120706;15088.2;105617.8;20180408
500000173;30;RC-1053;8;USD;28871;3608.9;25262.1;20180408
500000174;40;BX-1012;5;USD;119863;14982.9;104880.1;20180408
500000175;50;RO-1003;5;USD;104790;13098.8;91691.2;20180408
500000176;60;DB-1083;3;USD;50791;6348.9;44442.1;20180408
500000177;70;HB-1171;1;USD;44276;5534.5;38741.5;20180408
500000178;10;HB-1174;5;USD;173567;21695.9;151871.1;20180419
500000179;20;RO-1002;8;USD;7794;974.2;6819.8;20180419
500000180;30;EB-1134;3;USD;104780;13097.5;91682.5;20180419
500000181;40;CB-1163;3;USD;18841;2355.1;16485.9;20180419
500000182;50;RC-1056;8;USD;38007;4750.9;33256.1;20180419
500000183;60;BX-1012;8;USD;82166;10270.8;71895.2;20180419
500000184;70;EB-1132;6;USD;55998;6999.8;48998.2;20180419
500000185;10;MB-1033;5;USD;71013;8876.6;62136.4;20180401
500000186;20;EB-1131;4;USD;46464;5808;40656;20180401
500000187;30;HB-1176;6;USD;6951;868.9;6082.1;20180401
500000188;40;RC-1052;10;USD;3203;400.4;2802.6;20180401
500000189;10;BX-1015;1;USD;3990;498.8;3491.2;20180504
500000190;20;DB-1082;1;USD;8737;1092.1;7644.9;20180504
500000191;30;RC-1052;4;USD;28161;3520.1;24640.9;20180504
500000192;40;HB-1175;8;USD;140293;17536.6;122756.4;20180504
500000193;50;CC-1022;5;USD;82210;10276.2;71933.8;20180504
500000194;10;EB-1137;1;USD;8393;1049.1;7343.9;20180430
500000195;20;EB-1132;1;USD;71455;8931.9;62523.1;20180430
500000196;30;EB-1134;7;USD;79331;9916.4;69414.6;20180430
500000197;40;RC-1056;3;USD;5996;749.5;5246.5;20180430
500000198;10;HB-1172;7;USD;69065;8633.1;60431.9;20180414
500000199;20;EB-1137;5;USD;13728;1716;12012;20180414
500000200;30;CB-1163;5;USD;35580;4447.5;31132.5;20180414
500000201;40;RC-1057;6;USD;31499;3937.4;27561.6;20180414
500000202;50;CB-1162;1;USD;82097;10262.1;71834.9;20180414
500000203;60;EB-1136;3;USD;57864;7233;50631;20180414
500000204;70;HB-1171;6;USD;41499;5187.4;36311.6;20180414
500000205;80;BX-1016;2;USD;127879;15984.9;111894.1;20180414
500000206;10;BX-1015;7;USD;134326;16790.8;117535.2;20180507
500000207;20;DB-1081;2;USD;62755;7844.4;54910.6;20180507
500000208;30;BX-1016;3;USD;73880;9235;64645;20180507
500000209;10;EB-1132;7;USD;92995;11624.4;81370.6;20180501
500000210;20;EB-1136;6;USD;63743;7967.9;55775.1;20180501
500000211;30;BX-1013;7;USD;41599;5199.9;36399.1;20180501
500000212;10;RC-1054;2;USD;52489;6561.1;45927.9;20180424
500000213;20;EB-1133;1;USD;69101;8637.6;60463.4;20180424
500000214;10;EB-1135;9;USD;78788;9848.5;68939.5;20180505
500000215;20;CB-1163;5;USD;89743;11217.9;78525.1;20180505
500000216;30;EB-1134;3;USD;83483;10435.4;73047.6;20180505
500000217;40;CB-1161;2;USD;79639;9954.9;69684.1;20180505
500000218;10;BX-1014;4;USD;77415;9676.9;67738.1;20180501
500000219;20;BX-1016;10;USD;8986;1123.2;7862.8;20180501
500000220;30;CB-1161;7;USD;2241;280.1;1960.9;20180501
500000221;40;DB-1082;3;USD;77130;9641.2;67488.8;20180501
500000222;50;BX-1015;9;USD;156424;19553;136871;20180501
500000223;60;EB-1136;1;USD;33076;4134.5;28941.5;20180501
500000224;70;BX-1015;4;USD;25623;3202.9;22420.1;20180501
500000225;80;HB-1174;4;USD;113112;14139;98973;20180501
500000226;90;RO-1003;8;USD;10043;1255.4;8787.6;20180501
500000227;10;BX-1013;5;USD;9600;1200;8400;20180421
500000228;20;DB-1081;6;USD;61793;7724.1;54068.9;20180421
500000229;30;DB-1081;4;USD;1356;169.5;1186.5;20180421
500000230;40;EB-1132;4;USD;66098;8262.2;57835.8;20180421
500000231;50;CB-1161;2;USD;53949;6743.6;47205.4;20180421
500000232;60;HB-1173;9;USD;43370;5421.2;37948.8;20180421
500000233;10;EB-1135;8;USD;12836;1604.5;11231.5;20180425
500000234;20;HB-1176;1;USD;51889;6486.1;45402.9;20180425
500000235;30;EB-1131;4;USD;74952;9369;65583;20180425
500000236;40;CB-1161;9;USD;76542;9567.8;66974.2;20180425
500000237;50;RO-1002;1;USD;35181;4397.6;30783.4;20180425
500000238;10;BX-1016;1;USD;49230;6153.8;43076.2;20180429
500000239;20;BX-1011;2;USD;133675;16709.4;116965.6;20180429
500000240;30;BX-1013;1;USD;51997;6499.6;45497.4;20180429
500000241;10;EB-1135;3;USD;116842;14605.2;102236.8;20180507
500000242;10;BX-1014;3;USD;192075;24009.4;168065.6;20180508
500000243;20;CB-1163;6;USD;69109;8638.6;60470.4;20180508
500000244;30;RC-1054;9;USD;165757;20719.6;145037.4;20180508
500000245;40;BX-1012;10;USD;16998;2124.8;14873.2;20180508
500000246;50;EB-1135;4;USD;14810;1851.2;12958.8;20180508
500000247;60;RC-1055;10;USD;43491;5436.4;38054.6;20180508
500000248;70;HB-1174;6;USD;22378;2797.2;19580.8;20180508
500000249;80;CB-1161;7;USD;102365;12795.6;89569.4;20180508
500000250;90;BX-1013;2;USD;95985;11998.1;83986.9;20180508
500000251;10;CC-1021;2;USD;29394;3674.2;25719.8;20180503
500000252;10;DB-1081;10;USD;67009;8376.1;58632.9;20180505
500000253;20;RO-1003;7;USD;23683;2960.4;20722.6;20180505
500000254;30;CB-1163;6;USD;1596;199.5;1396.5;20180505
500000255;40;RC-1055;8;USD;77608;9701;67907;20180505
500000256;50;DB-1083;5;USD;157261;19657.6;137603.4;20180505
500000257;60;BX-1011;1;USD;8266;1033.2;7232.8;20180505
500000258;70;MB-1032;8;USD;16399;2049.9;14349.1;20180505
500000259;80;CC-1021;5;USD;73573;9196.6;64376.4;20180505
500000260;10;CB-1161;8;USD;101024;12628;88396;20180518
500000261;20;BX-1011;1;USD;82217;10277.1;71939.9;20180518
500000262;30;HB-1172;9;USD;107652;13456.5;94195.5;20180518
500000263;40;BX-1011;3;USD;43992;5499;38493;20180518
500000264;50;DB-1081;8;USD;64578;8072.2;56505.8;20180518
500000265;60;RC-1057;5;USD;126885;15860.6;111024.4;20180518
500000266;70;DB-1081;10;USD;10998;1374.8;9623.2;20180518
500000267;80;BX-1015;6;USD;71977;8997.1;62979.9;20180518
500000268;90;BX-1011;2;USD;71677;8959.6;62717.4;20180518
500000269;100;RC-1057;2;USD;51832;6479;45353;20180518
500000270;10;DB-1083;4;USD;135856;16982;118874;20180512
500000271;20;CB-1161;8;USD;6384;798;5586;20180512
500000272;30;EB-1134;8;USD;133010;16626.2;116383.8;20180512
500000273;40;EB-1136;2;USD;153073;19134.1;133938.9;20180512
500000274;10;BX-1011;8;USD;84470;10558.8;73911.2;20180511
500000275;20;DB-1083;5;USD;34807;4350.9;30456.1;20180511
500000276;30;RC-1055;7;USD;125849;15731.1;110117.9;20180511
500000277;10;HB-1173;1;USD;45986;5748.2;40237.8;20180531
500000278;20;RC-1051;6;USD;23155;2894.4;20260.6;20180531
500000279;10;CB-1161;10;USD;50696;6337;44359;20180527
500000280;20;MB-1032;6;USD;71416;8927;62489;20180527
500000281;30;RC-1055;6;USD;82497;10312.1;72184.9;20180527
500000282;10;CC-1021;3;USD;182951;22868.9;160082.1;20180601
500000283;20;DB-1081;5;USD;6201;775.1;5425.9;20180601
500000284;30;RC-1052;5;USD;64502;8062.8;56439.2;20180601
500000285;40;HB-1172;4;USD;53005;6625.6;46379.4;20180601
500000286;50;CC-1022;3;USD;11580;1447.5;10132.5;20180601
500000287;10;BX-1011;3;USD;79400;9925;69475;20180518
500000288;20;RC-1052;3;USD;28587;3573.4;25013.6;20180518
500000289;30;RC-1052;1;USD;6687;835.9;5851.1;20180518
500000290;40;RC-1051;2;USD;130393;16299.1;114093.9;20180518
500000291;50;RC-1053;10;USD;115202;14400.2;100801.8;20180518
500000292;60;RO-1003;4;USD;14095;1761.9;12333.1;20180518
500000293;10;EB-1135;4;USD;123584;15448;108136;20180608
500000294;20;EB-1134;8;USD;66763;8345.4;58417.6;20180608
500000295;30;EB-1134;4;USD;36979;4622.4;32356.6;20180608
500000296;40;CB-1161;1;USD;96921;12115.1;84805.9;20180608
500000297;50;EB-1134;5;USD;68558;8569.8;59988.2;20180608
500000298;60;CB-1163;7;USD;13345;1668.1;11676.9;20180608
500000299;70;RO-1002;3;USD;110679;13834.9;96844.1;20180608
500000300;10;RO-1002;2;USD;145567;18195.9;127371.1;20180528
500000301;20;HB-1171;4;USD;20968;2621;18347;20180528
500000302;30;HB-1175;2;USD;62193;7774.1;54418.9;20180528
500000303;40;CB-1163;5;USD;74136;9267;64869;20180528
500000304;50;HB-1174;9;USD;95667;11958.4;83708.6;20180528
500000305;60;EB-1131;7;USD;150631;18828.9;131802.1;20180528
500000306;70;HB-1176;2;USD;92625;11578.1;81046.9;20180528
500000307;80;CC-1021;5;USD;49093;6136.6;42956.4;20180528
500000308;10;MB-1033;3;USD;137532;17191.5;120340.5;20180530
500000309;20;CB-1163;6;USD;67219;8402.4;58816.6;20180530
500000310;30;CB-1163;8;USD;49893;6236.6;43656.4;20180530
500000311;40;EB-1133;9;USD;44627;5578.4;39048.6;20180530
500000312;50;HB-1176;1;USD;55065;6883.1;48181.9;20180530
500000313;60;MB-1033;4;USD;73561;9195.1;64365.9;20180530
500000314;70;EB-1133;5;USD;39905;4988.1;34916.9;20180530
500000315;80;RC-1055;9;USD;38783;4847.9;33935.1;20180530
500000316;10;RO-1001;2;USD;2880;360;2520;20180604
500000317;20;RC-1052;5;USD;16196;2024.5;14171.5;20180604
500000318;30;MB-1031;8;USD;124157;15519.6;108637.4;20180604
500000319;40;HB-1174;8;USD;53533;6691.6;46841.4;20180604
500000320;50;BX-1011;6;USD;37505;4688.1;32816.9;20180604
500000321;60;EB-1136;4;USD;123784;15473;108311;20180604
500000322;10;EB-1134;2;USD;43268;5408.5;37859.5;20180527
500000323;20;EB-1131;7;USD;100036;12504.5;87531.5;20180527
500000324;30;RC-1055;5;USD;13777;1722.1;12054.9;20180527
500000325;40;CB-1163;1;USD;87591;10948.9;76642.1;20180527
500000326;50;MB-1031;2;USD;54809;6851.1;47957.9;20180527
500000327;60;BX-1013;10;USD;17066;2133.2;14932.8;20180527
500000328;70;CB-1163;7;USD;11016;1377;9639;20180527
500000329;80;MB-1032;4;USD;90621;11327.6;79293.4;20180527
500000330;90;MB-1033;3;USD;113871;14233.9;99637.1;20180527
500000331;10;EB-1134;5;USD;12693;1586.6;11106.4;20180529
500000332;20;BX-1015;3;USD;70528;8816;61712;20180529
500000333;30;CC-1023;4;USD;16576;2072;14504;20180529
500000334;40;HB-1172;8;USD;44276;3934.2;30903.2;20180529
500000335;50;HB-1173;5;USD;75646;11921;66190.2;20180529
500000336;60;HB-1173;7;USD;157214;6897.4;111699.9;20180529
500000337;70;HB-1175;6;USD;10998;6153.8;46841.4;20180529
500000338;80;CB-1162;3;USD;41484;2960.4;48116.2;20180529
500000339;90;CB-1161;3;USD;70368;6136.6;45157;20180529
500000340;10;BX-1014;2;USD;127803;2747.5;37859.5;20180620
500000341;10;MB-1032;5;USD;40539;974.2;85147.1;20180612
500000342;20;MB-1033;7;USD;100036;16709.4;151871.1;20180612
500000343;30;EB-1136;6;USD;33409;6498.1;94195.5;20180612
500000344;40;HB-1174;10;USD;21980;10948.9;100801.8;20180612
500000345;50;RC-1054;8;USD;127657;199.5;64869;20180612
500000346;60;CC-1023;4;USD;2241;6561.1;14349.1;20180612
500000347;70;EB-1137;5;USD;5996;9916.4;14504;20180612
500000348;10;CB-1163;7;USD;69109;15473;6292.1;20180622
500000349;20;BX-1012;8;USD;16196;5748.2;83708.6;20180622
500000350;30;EB-1134;6;USD;69065;5312.5;48998.2;20180622
500000351;40;HB-1173;5;USD;79639;7414.6;31132.5;20180622
500000352;50;RC-1056;1;USD;173987;9461.6;84608.1;20180622
500000353;60;EB-1136;7;USD;43924;9925;98415.6;20180622
500000354;70;RC-1055;6;USD;81833;6348.9;43076.2;20180622
500000355;10;CC-1023;7;USD;71677;3674.2;61712;20180621
500000356;20;EB-1131;8;USD;120706;10836.1;64376.4;20180621
500000357;30;BX-1013;7;USD;22378;8062.8;45773;20180621
500000358;40;BX-1013;4;USD;10043;3842.1;101241.9;20180621
500000359;50;RC-1057;7;USD;28191;6908.2;64365.9;20180621
500000360;60;BX-1016;8;USD;70528;8866.2;84608.1;20180621
500000361;70;HB-1176;3;USD;55179;6921.5;25459.9;20180621
500000362;80;CC-1023;9;USD;49230;868.9;44442.1;20180621
500000363;10;MB-1031;5;USD;39905;24009.4;14171.5;20180606
500000364;10;EB-1135;8;USD;76542;3573.4;122756.4;20180617
500000365;20;BX-1014;2;USD;51608;1722.1;57835.8;20180617
500000366;30;HB-1172;1;USD;75228;11327.6;120340.5;20180617
500000367;40;RO-1002;6;USD;55179;17536.6;145037.4;20180617
500000368;10;CC-1021;10;USD;55179;10187.6;2839.4;20180706
500000369;20;EB-1137;5;USD;81833;10948.9;111827.6;20180706
500000370;30;CC-1023;6;USD;46443;2124.8;23044.9;20180706
500000371;40;BX-1012;5;USD;379;8757.9;14873.2;20180706
500000372;10;HB-1176;10;USD;17493;11624.4;25459.9;20180618
500000373;20;EB-1132;9;USD;11580;4176.1;76615.9;20180618
500000374;30;HB-1174;10;USD;62755;22868.9;62377.9;20180618
500000375;40;BX-1015;4;USD;64502;10948.9;111827.6;20180618
500000376;50;BX-1015;10;USD;105359;11959.1;62377.9;20180618
500000377;60;HB-1176;10;USD;35181;15984.9;117535.2;20180618
500000378;70;EB-1133;5;USD;153971;12115.1;134724.6;20180618
500000379;10;RC-1053;9;USD;40691;9676.9;48670.1;20180617
500000380;20;HB-1173;3;USD;95673;6851.1;13014.8;20180617
500000381;30;RO-1003;4;USD;55065;9916.4;75178.2;20180617
500000382;40;BX-1012;4;USD;96921;12427.6;76642.1;20180617
500000383;50;HB-1174;10;USD;48373;1850.9;43076.2;20180617
500000384;10;CC-1022;7;USD;73573;15860.6;24667.1;20180622
500000385;20;HB-1175;6;USD;8266;8569.8;108637.4;20180622
500000386;30;BX-1011;6;USD;2241;8770.2;168065.6;20180622
500000387;40;CB-1161;5;USD;96921;6345.4;67907;20180622
500000388;50;HB-1176;3;USD;26337;798;48116.2;20180622
500000389;10;CB-1161;6;USD;96921;20719.6;45614.6;20180709
500000390;20;EB-1133;3;USD;77608;1049.1;56439.2;20180709
500000391;30;BX-1013;2;USD;103772;6808.5;25760.9;20180709
500000392;40;EB-1137;7;USD;108752;1377;45497.4;20180709
500000393;50;RC-1057;8;USD;7191;2024.5;45157;20180709
500000394;60;CB-1163;4;USD;120706;10783;133938.9;20180709
500000395;70;BX-1015;10;USD;1596;3637.5;118874;20180709
500000396;80;BX-1012;7;USD;133675;4350.9;54428.5;20180709
500000397;90;CC-1023;8;USD;86264;13046.8;3843;20180709
500000398;100;EB-1133;2;USD;29097;756;11106.4;20180709
500000399;10;HB-1175;9;USD;165757;10739.8;25459.9;20180621
500000400;10;EB-1132;10;USD;123584;11624.4;5252.6;20180716
500000401;20;RC-1051;2;USD;123584;8376.1;54428.5;20180716
500000402;30;BX-1013;1;USD;43638;20719.6;44442.1;20180716
500000403;40;MB-1033;3;USD;22378;7514.1;89062.8;20180716
500000404;50;HB-1173;2;USD;64578;8997.1;37857.8;20180716
500000405;60;HB-1173;3;USD;64502;1374.8;45157;20180716
500000406;70;RC-1052;7;USD;66098;10187.6;36298.5;20180716
500000407;80;MB-1033;9;USD;6950;775.1;89762.8;20180716
500000408;90;CC-1023;8;USD;46464;11921;71313.4;20180716
500000409;100;CC-1021;1;USD;49230;5808;12333.1;20180716
500000410;10;EB-1137;6;USD;59317;7414.6;40775.9;20180627
500000411;20;BX-1013;1;USD;45043;7474.5;2802.6;20180627
500000412;30;EB-1137;2;USD;29100;3292.1;13676.2;20180627
500000413;40;BX-1014;8;USD;12495;19134.1;25262.1;20180627
500000414;50;HB-1175;6;USD;110679;13026.6;61572;20180627
500000415;60;MB-1032;10;USD;17493;8569.8;110444.2;20180627
500000416;70;MB-1032;7;USD;86805;2024.5;73911.2;20180627
500000417;10;EB-1131;10;USD;115705;7386.1;62063.8;20180701
500000418;20;EB-1131;3;USD;79331;6362.1;29653.8;20180701
500000419;30;EB-1134;4;USD;43268;8911.1;51902.4;20180701
500000420;40;EB-1131;10;USD;30737;4176.1;94195.5;20180701
500000421;50;RC-1053;3;USD;33890;5187.4;89062.8;20180701
500000422;60;RC-1053;6;USD;70528;9567.8;46841.4;20180701
500000423;70;DB-1081;5;USD;109947;17536.6;67431.9;20180701
500000424;10;HB-1176;3;USD;74952;7474.5;9031.8;20180708
500000425;20;EB-1135;6;USD;64502;2649.2;26714.6;20180708
500000426;30;BX-1012;10;USD;62687;9267;31044.1;20180708
500000427;40;RC-1051;1;USD;182951;10948.9;7875;20180708
500000428;10;DB-1082;8;USD;35479;13026.6;11676.9;20180718
500000429;20;RO-1003;6;USD;97518;835.9;28642.2;20180718
500000430;30;CB-1163;5;USD;96759;2948.6;28941.5;20180718
500000431;40;RO-1002;5;USD;79400;6516.4;38433.5;20180718
500000432;50;RC-1056;9;USD;55372;9633.1;114093.9;20180718
500000433;60;CC-1022;4;USD;101024;1255.4;42956.4;20180718
500000434;70;EB-1137;1;USD;55266;3674.2;7875;20180718
500000435;80;EB-1137;1;USD;23589;8911.1;11231.5;20180718
500000436;10;RC-1054;6;USD;67219;7048.5;65824.5;20180713
500000437;20;CC-1022;5;USD;62302;6873.8;5246.5;20180713
500000438;30;RC-1055;8;USD;41484;9195.1;1960.9;20180713
500000439;40;HB-1173;4;USD;127879;5408.5;47101.2;20180713
500000440;50;HB-1172;2;USD;97518;9641.2;9623.2;20180713
500000441;10;CC-1022;6;USD;82210;9369;75954.4;20180703
500000442;20;EB-1131;6;USD;173567;7514.1;42326.4;20180703
500000443;30;RC-1055;5;USD;124062;4447.5;137603.4;20180703
500000444;40;RC-1053;9;USD;6048;12823.2;81370.6;20180703
500000445;50;MB-1034;1;USD;123784;9243.6;27561.6;20180703
500000446;60;HB-1171;8;USD;8737;3937.4;45927.9;20180703
500000447;70;CB-1162;9;USD;1596;6451;43076.2;20180703
500000448;80;EB-1133;2;USD;82715;3808;38493;20180703
500000449;90;MB-1033;5;USD;77130;1199.1;1089.4;20180703
500000450;10;HB-1172;5;USD;77608;4622.4;75178.2;20180708
500000451;20;EB-1132;9;USD;119863;5312.5;62723.5;20180708
500000452;30;BX-1016;3;USD;80064;1447.5;45353;20180708
500000453;40;CB-1161;7;USD;131393;1604.5;8393.9;20180708
500000454;10;RC-1052;1;USD;173567;7637.6;21739.4;20180712
500000455;20;DB-1083;6;USD;116842;12971.5;40775.9;20180712
500000456;30;BX-1013;4;USD;64433;5408.5;7232.8;20180712
500000457;10;RO-1002;8;USD;64578;4091.8;168065.6;20180709
500000458;20;CC-1023;10;USD;28161;2024.5;69414.6;20180709
500000459;30;RC-1056;4;USD;75228;2188.8;6081.2;20180709
500000460;10;HB-1173;1;USD;70162;15731.1;11365.4;20180720
500000461;20;BX-1013;1;USD;15643;4714.8;62717.4;20180720
500000462;30;BX-1013;10;USD;24845;10339.4;45773;20180720
500000463;40;MB-1033;7;USD;23683;9267;111827.6;20180720
500000464;50;RO-1001;8;USD;77130;10836.1;7232.8;20180720
500000465;60;RC-1057;2;USD;65091;21748.4;5292;20180720
500000466;70;DB-1083;2;USD;3245;13169.9;7644.9;20180720
500000467;80;EB-1133;2;USD;59180;9676.9;25262.1;20180720
500000468;90;CC-1023;8;USD;133675;1200;110444.2;20180720
500000469;100;RC-1054;4;USD;6384;2797.2;39412.6;20180720
500000470;10;CC-1022;8;USD;85808;6743.6;12958.8;20180729
500000471;20;HB-1174;1;USD;68558;1236.1;120340.5;20180729
500000472;30;EB-1134;7;USD;33890;14982.9;38054.6;20180729
500000473;40;BX-1014;6;USD;28191;6479;56378.9;20180729
500000474;10;RC-1052;4;USD;45655;2732.8;39048.6;20180715
500000475;20;RO-1001;10;USD;31474;1290.2;31132.5;20180715
500000476;30;BX-1013;1;USD;3990;9235;53463.4;20180715
500000477;10;EB-1134;5;USD;109947;1049.1;5246.5;20180801
500000478;20;MB-1033;10;USD;70930;4434.9;7232.8;20180801
500000479;30;BX-1011;3;USD;51985;7637.6;6819.8;20180801
500000480;40;CC-1023;1;USD;70930;7514.1;52598.9;20180801
500000481;50;RO-1002;2;USD;29394;11277;45157;20180801
500000482;60;BX-1014;1;USD;5996;6486.1;71895.2;20180801
500000483;70;BX-1015;6;USD;86264;5187.4;19580.8;20180801
500000484;80;BX-1015;1;USD;82166;10229.1;81370.6;20180801
500000485;10;HB-1176;8;USD;7794;6946.9;61788.1;20180730
500000486;20;EB-1136;4;USD;150631;10312.1;2802.6;20180730
500000487;30;CB-1163;2;USD;153073;5499;331.6;20180730
500000488;40;CB-1162;7;USD;95368;5159.9;1960.9;20180730
500000489;50;EB-1132;10;USD;43992;5808;25715.4;20180730
500000490;60;DB-1081;10;USD;56388;8638.6;69874.9;20180730
500000491;70;BX-1015;8;USD;71289;6999.8;2002;20180730
500000492;80;RC-1053;1;USD;2880;4988.1;6082.1;20180730
500000493;10;RC-1055;6;USD;157214;2960.4;90800.5;20180808
500000494;20;EB-1133;2;USD;1596;13026.6;48457.5;20180808
500000495;30;RC-1056;10;USD;95667;15731.1;110117.9;20180808
500000496;10;DB-1082;6;USD;74136;4622.4;27539.8;20180806
500000497;20;RC-1053;9;USD;6951;1255.4;43076.2;20180806
500000498;30;RO-1003;9;USD;109812;1698.4;7862.8;20180806
500000499;40;HB-1176;7;USD;157261;3637.5;85328.2;20180806
500000500;50;RC-1056;9;USD;30531;5185.5;83615.9;20180806
500000501;10;EB-1132;3;USD;21980;5536.8;67907;20180721
500000502;20;MB-1034;9;USD;82097;6516.4;108136;20180721
500000503;10;HB-1175;9;USD;35479;7724.1;71939.9;20180719
500000504;20;HB-1173;2;USD;140293;6136.6;44442.1;20180719
500000505;30;HB-1172;8;USD;51608;2894.4;71834.9;20180719
500000506;40;MB-1031;5;USD;46464;8633.1;45353;20180719
500000507;50;MB-1032;1;USD;182951;13726.5;64376.4;20180719
500000508;60;DB-1081;3;USD;86264;5312.5;45157;20180719
500000509;70;RC-1051;4;USD;17493;6808.5;14349.1;20180719
500000510;80;BX-1012;8;USD;8266;1668.1;46841.4;20180719
500000511;90;BX-1013;10;USD;9889;6851.1;48357.8;20180719
500000512;10;HB-1174;10;USD;3990;4847.9;43358;20180811
500000513;20;RC-1056;8;USD;46464;6516.4;50098.1;20180811
500000514;30;HB-1176;6;USD;70528;9369;11676.9;20180811
500000515;40;DB-1083;7;USD;77130;5805.4;108136;20180811
500000516;50;MB-1032;3;USD;73880;6516.4;137562.2;20180811
500000517;10;BX-1013;3;USD;24845;3105.6;37187.5;20180807
500000518;20;RC-1056;10;USD;130393;6851.1;69475;20180807
500000519;10;BX-1016;5;USD;193987;16626.2;14873.2;20180803
500000520;20;MB-1033;2;USD;16998;8136.4;40237.8;20180803
500000521;10;RC-1057;7;USD;157261;8136.4;46379.4;20180808
500000522;20;MB-1033;2;USD;12495;19134.1;52767.8;20180808
500000523;30;RC-1057;8;USD;45986;1199.1;5292;20180808
500000524;40;BX-1011;7;USD;6951;4988.1;111024.4;20180808
500000525;50;BX-1011;5;USD;57255;4350.9;91691.2;20180808
500000526;60;CB-1162;4;USD;50791;13098.8;51702.9;20180808
500000527;70;RO-1001;10;USD;62755;11958.4;68939.5;20180808
500000528;80;BX-1013;9;USD;59317;898.9;67431.9;20180808
500000529;90;BX-1013;1;USD;49893;5578.4;85821.8;20180808
500000530;10;RC-1056;5;USD;193987;2711.9;7875;20180822
500000531;20;EB-1132;8;USD;99421;6498.1;114968.9;20180822
500000532;30;MB-1033;5;USD;77415;8345.4;19232.5;20180822
500000533;40;MB-1031;9;USD;71677;1859.2;169738.6;20180822
500000534;50;BX-1015;10;USD;125849;3573.4;45129;20180822
500000535;60;HB-1171;4;USD;55065;6922.5;81046.9;20180822
500000536;10;EB-1133;10;USD;62204;5408.5;18983.1;20180829
500000537;20;MB-1033;1;USD;153073;3842.1;36399.1;20180829
500000538;30;BX-1013;9;USD;51608;155.6;46379.4;20180829
500000539;40;BX-1015;9;USD;76542;8402.4;13014.8;20180829
500000540;50;CB-1163;3;USD;30531;4156.5;8652.9;20180829
500000541;60;RC-1051;8;USD;36979;5159.9;35604.6;20180829
500000542;70;EB-1136;8;USD;67219;13046.8;10933.1;20180829
500000543;80;EB-1132;5;USD;110679;8569.8;11676.9;20180829
500000544;90;CC-1023;2;USD;79101;8323;13687.6;20180829
500000545;100;HB-1173;5;USD;48373;14982.9;37948.8;20180829
500000546;10;CC-1023;7;USD;15643;4397.6;67907;20180806
500000547;20;EB-1135;7;USD;108752;15448;25462.5;20180806
500000548;30;CB-1162;4;USD;70615;169.5;7862.8;20180806
500000549;40;CC-1021;8;USD;26337;3937.4;36119.1;20180806
500000550;10;CB-1161;9;USD;43268;3510.8;3491.2;20180808
500000551;20;HB-1171;3;USD;66763;21748.4;67738.1;20180808
500000552;30;CB-1163;4;USD;127657;868.8;38054.6;20180808
500000553;40;CC-1022;6;USD;22378;9701;25715.4;20180808
500000554;50;CC-1023;1;USD;89743;18195.9;60470.4;20180808
500000555;60;RO-1002;5;USD;43992;15957.1;16485.9;20180808
500000556;70;DB-1083;8;USD;30531;2049.9;29095.5;20180808
500000557;80;RC-1054;2;USD;3245;3808;25715.4;20180808
500000558;90;EB-1134;2;USD;59089;8770.2;19580.8;20180808
500000559;100;BX-1014;6;USD;5996;6851.1;45497.4;20180808
500000560;10;RO-1003;3;USD;92995;835.9;40637.6;20180731
500000561;20;RC-1056;6;USD;14095;6345.4;52767.8;20180731
500000562;30;CC-1021;4;USD;24845;7474.5;60463.4;20180731
500000563;40;RO-1001;9;USD;72691;9633.1;9031.8;20180731
500000564;50;HB-1176;5;USD;21862;798;64705.4;20180731
500000565;60;CB-1162;6;USD;50763;5199.9;331.6;20180731
500000566;70;DB-1083;9;USD;73561;14059.4;58417.6;20180731
500000567;80;BX-1016;3;USD;83483;5199.9;15306.4;20180731
500000568;10;BX-1014;9;USD;55179;6625.6;5586;20180828
500000569;10;CC-1021;4;USD;107652;22868.9;105617.8;20180809
500000570;20;RO-1001;8;USD;10043;2797.2;45614.6;20180809
500000571;30;RC-1057;7;USD;134326;15088.2;2512.1;20180809
500000572;40;CC-1022;6;USD;60306;7538.2;37859.5;20180809
500000573;50;BX-1011;8;USD;43924;1125;72184.9;20180809
500000574;60;RC-1053;6;USD;18841;2124.8;7079.6;20180809
500000575;70;BX-1011;1;USD;39905;174.8;56439.2;20180809
500000576;80;HB-1173;6;USD;4392;3680.1;2512.1;20180809
500000577;90;MB-1033;3;USD;71455;8072.2;71313.4;20180809
500000578;10;RO-1001;1;USD;65091;1236.1;37187.5;20180902
500000579;20;MB-1034;5;USD;77415;9676.9;14504;20180902
500000580;30;BX-1013;10;USD;51832;10435.4;131802.1;20180902
500000581;10;RC-1052;10;USD;6201;12086.9;64705.4;20180820
500000582;20;HB-1172;9;USD;45655;3520.1;69213.4;20180820
500000583;30;MB-1033;2;USD;71677;4011.6;60606.9;20180820
500000584;10;RO-1003;7;USD;104780;1011.4;72184.9;20180810
500000585;20;DB-1081;3;USD;100036;9369;64365.9;20180810
500000586;30;DB-1081;3;USD;124062;14059.4;48457.5;20180810
500000587;40;EB-1135;6;USD;78788;1577.8;118874;20180810
500000588;50;HB-1174;7;USD;60113;16982;39948.1;20180810
500000589;60;CC-1022;8;USD;29389;8960.5;95859.8;20180810
500000590;10;RC-1051;8;USD;79331;4847.9;75852.9;20180822
500000591;20;DB-1082;1;USD;44627;9848.5;8400;20180822
500000592;30;RO-1002;5;USD;72691;10783;40637.6;20180822
500000593;40;EB-1135;10;USD;16196;1255.4;75082;20180822
500000594;50;RC-1057;3;USD;69065;9267;26656;20180822
500000595;60;BX-1013;8;USD;86805;6873.8;50098.1;20180822
500000596;70;BX-1016;2;USD;31474;756;7232.8;20180822
500000597;80;BX-1015;3;USD;135856;10229.1;52995.2;20180822
500000598;90;RC-1055;6;USD;71416;199.8;59988.2;20180822
500000599;10;MB-1032;7;USD;3203;798;96085.5;20180823
500000600;20;BX-1014;7;USD;55623;5499;25459.9;20180823
500000601;30;BX-1013;8;USD;96921;24248.4;71933.8;20180823
500000602;40;BX-1012;4;USD;56388;3292.1;120340.5;20180823
500000603;50;BX-1015;1;USD;76542;6345.4;81370.6;20180823
500000604;60;MB-1034;4;USD;45655;8638.6;25013.6;20180823
500000605;70;HB-1172;2;USD;90216;10739.8;58261;20180823
500000606;80;RC-1055;4;USD;131393;5578.4;51782.5;20180823
500000607;90;CC-1023;10;USD;95368;1955.4;69874.9;20180823
500000608;100;EB-1133;1;USD;43924;169.5;25013.6;20180823
500000609;10;RC-1054;6;USD;13728;10948.9;37948.8;20180911
500000610;20;RC-1054;4;USD;6003;16299.1;104880.1;20180911
500000611;10;EB-1134;7;USD;8091;6498.1;44442.1;20180829
500000612;20;RC-1056;3;USD;60566;3639.8;105617.8;20180829
500000613;30;MB-1033;6;USD;18841;8796;46841.4;20180829
500000614;10;CB-1163;10;USD;70162;8927;44534.9;20180824
500000615;20;BX-1011;8;USD;137532;11958.4;67907;20180824
500000616;30;EB-1134;2;USD;109554;2355.1;56439.2;20180824
500000617;40;RC-1055;8;USD;60113;8866.2;6819.8;20180824
500000618;10;HB-1173;10;USD;49093;13594;38741.5;29991212
500000619;20;DB-1082;7;USD;133010;868.9;168065.6;29991212
500000620;30;BX-1013;5;USD;73880;8262.2;64376.4;29991212
500000621;40;DB-1082;5;USD;82166;7048.5;33935.1;29991212
500000622;50;RC-1054;2;USD;16998;47.4;48457.5;29991212
500000623;60;MB-1033;4;USD;20880;6908.2;10132.5;29991212
500000624;70;CB-1163;7;USD;79639;868.8;71895.2;29991212
500000625;80;EB-1134;1;USD;150631;2711.9;32816.9;29991212
500000626;90;CC-1023;3;USD;23589;12189.8;2512.1;29991212
500000627;100;CB-1163;2;USD;45043;17536.6;45773;29991212
500000628;10;RC-1057;10;USD;62193;3637.1;151871.1;20180903
500000629;20;BX-1013;7;USD;86689;7844.4;33935.1;20180903
500000630;30;RC-1052;7;USD;35318;5977;75082;20180903
500000631;40;CB-1161;3;USD;26337;19657.6;9623.2;20180903
500000632;50;RC-1057;2;USD;77065;4414.8;25719.8;20180903
500000633;60;EB-1135;5;USD;51576;155.6;137562.2;20180903
500000634;10;DB-1082;5;USD;49230;405.6;60606.9;20180902
500000635;20;RO-1003;10;USD;40691;14233.9;2002;20180902
500000636;30;BX-1013;3;USD;126885;4447.5;151871.1;20180902
500000637;10;RC-1054;10;USD;73573;13743.4;40656;20180829
500000638;20;CC-1021;3;USD;16998;14463.1;108637.4;20180829
500000639;30;EB-1134;3;USD;13587;2049.9;70056;20180829
500000640;40;BX-1016;9;USD;37718;14605.2;5586;20180829
500000641;10;HB-1173;4;USD;51997;1850.9;12054.9;20180913
500000642;20;BX-1013;4;USD;109554;3808;40637.6;20180913
500000643;10;MB-1034;5;USD;13248;9196.6;32816.9;20180909
500000644;10;MB-1031;3;USD;90216;835.9;111827.6;20180917
500000645;20;BX-1015;4;USD;26337;1955.4;48457.5;20180917
500000646;30;BX-1013;1;USD;23778;1290.2;31132.5;20180917
500000647;40;RC-1056;7;USD;67009;3673.6;111699.9;20180917
500000648;50;MB-1031;8;USD;67219;7048.5;52995.2;20180917
500000649;60;CC-1023;10;USD;66098;6499.6;58816.6;20180917
500000650;70;HB-1172;8;USD;66763;10836.1;48998.2;20180917
500000651;80;EB-1131;3;USD;86264;17536.6;67431.9;20180917
500000652;90;CC-1023;5;USD;153073;13026.6;12054.9;20180917
500000653;100;EB-1135;3;USD;44294;2747.5;39948.1;20180917
500000654;10;RC-1055;2;USD;52489;13834.9;48450.5;20180908
500000655;20;RC-1051;7;USD;53949;13097.5;36311.6;20180908
500000656;30;BX-1014;1;USD;50696;5536.8;88396;20180908
500000657;40;EB-1132;8;USD;35580;19553;72375.6;20180908
500000658;50;CB-1163;7;USD;112475;7835.9;56439.2;20180908
500000659;60;RC-1053;7;USD;145567;7570.8;79293.4;20180908
500000660;10;RC-1053;8;USD;76022;7787.8;7343.9;20180920
500000661;20;RC-1052;1;USD;21194;1374.8;14171.5;20180920
500000662;30;RO-1003;1;USD;82715;2732.8;12956.1;20180920
500000663;40;RC-1057;6;USD;55623;5421.2;2839.4;20180920
500000664;50;RC-1055;5;USD;150631;10948.9;24075.6;20180920
500000665;10;HB-1172;2;USD;48373;1255.4;169738.6;20180930
500000666;20;BX-1012;1;USD;53533;5808;24667.1;20180930
500000667;30;BX-1016;4;USD;6687;8816;8652.9;20180930
500000668;40;CC-1022;3;USD;14095;2711.9;6819.8;20180930
500000669;50;EB-1136;8;USD;134326;10187.6;73047.6;20180930
500000670;60;HB-1176;7;USD;35580;1722.1;48998.2;20180930
500000671;10;CB-1163;8;USD;29118;9369;45157;20180921
500000672;20;HB-1174;1;USD;86805;7233;331.6;20180921
500000673;30;RC-1052;2;USD;140293;2649.2;40775.9;20180921
500000674;40;DB-1081;8;USD;173987;199.8;37859.5;20180921
500000675;50;HB-1171;1;USD;24845;8962.4;45614.6;20180921
500000676;60;DB-1082;2;USD;41599;14139;95158;20180921
500000677;70;RO-1003;3;USD;135856;2894.4;95158;20180921
500000678;80;BX-1012;7;USD;36979;6362.1;41839;20180921
500000679;90;BX-1013;10;USD;49893;15731.1;61572;20180921
500000680;10;BX-1015;9;USD;33076;1033.2;56505.8;20180920
500000681;20;DB-1081;4;USD;54809;8876.6;89062.8;20180920
500000682;30;MB-1033;1;USD;14874;11327.6;62979.9;20180920
500000683;40;BX-1015;2;USD;84470;8816;25462.5;20180920
500000684;50;EB-1131;3;USD;32734;750.4;25719.8;20180920
500000685;60;CC-1022;8;USD;29389;3202.9;55775.1;20180920
500000686;70;MB-1031;7;USD;135856;1033.2;39948.1;20180920
500000687;80;MB-1033;3;USD;153971;6499.6;45129;20180920
500000688;10;RC-1051;6;USD;72691;10270.8;53463.4;20180914
500000689;20;EB-1134;1;USD;77608;14233.9;69874.9;20180914
500000690;30;DB-1081;5;USD;18841;7774.1;31132.5;20180914
500000691;40;DB-1082;10;USD;53533;3673.6;52767.8;20180914
500000692;50;EB-1131;6;USD;32734;7538.2;101241.9;20180914
500000693;60;EB-1133;10;USD;70063;8376.1;105617.8;20180914
500000694;10;HB-1176;2;USD;87591;12628;96203.6;20180927
500000695;20;CB-1162;7;USD;15643;9982.1;11231.5;20180927
500000696;30;EB-1134;3;USD;71289;15519.6;8393.9;20180927
500000697;40;MB-1034;5;USD;107652;405.6;51782.5;20180927
500000698;10;EB-1137;8;USD;104374;14400.2;26656;20181007
500000699;20;RO-1003;10;USD;54990;11327.6;54428.5;20181007
500000700;30;BX-1013;5;USD;99421;15507.8;85147.1;20181007
500000701;40;RC-1052;10;USD;104780;4176.1;18544.8;20181007
500000702;50;EB-1137;8;USD;35318;10945.1;18544.8;20181007
500000703;60;EB-1131;8;USD;102365;14059.4;20260.6;20181007
500000704;70;HB-1174;2;USD;66763;11578.1;69684.1;20181007
500000705;80;BX-1011;9;USD;50696;158.2;7644.9;20181007
500000706;90;BX-1013;7;USD;74136;12094.9;64031.6;20181007
500000707;10;DB-1083;5;USD;52131;1200;19232.5;20180906
500000708;20;RC-1053;10;USD;55179;1255.4;122756.4;20180906
500000709;10;CC-1023;2;USD;64502;1377;25459.9;20180926
500000710;20;DB-1083;8;USD;115705;10739.8;1398.2;20180926
500000711;30;DB-1081;8;USD;123784;21748.4;5425.9;20180926
500000712;40;DB-1082;1;USD;87561;15519.6;83713.9;20180926
500000713;50;CC-1021;1;USD;9593;15860.6;41839;20180926
500000714;60;BX-1014;3;USD;45655;10229.1;30903.2;20180926
500000715;10;CB-1161;10;USD;43491;9567.8;43076.2;20181007
500000716;20;RC-1053;6;USD;16576;6539;69414.6;20181007
500000717;30;CC-1021;6;USD;102365;16424.1;71313.4;20181007
500000718;40;CB-1161;1;USD;43638;8960.5;36298.5;20181007
500000719;50;EB-1137;9;USD;52312;2960.4;11106.4;20181007
500000720;10;EB-1131;4;USD;27515;1851.2;91682.5;20181009
500000721;20;MB-1033;2;USD;81501;750.4;31044.1;20181009
500000722;30;RC-1055;2;USD;84470;13834.9;96085.5;20181009
500000723;40;MB-1034;5;USD;23589;3816.4;86993.4;20181009
500000724;50;HB-1176;3;USD;54990;6873.8;46841.4;20181009
500000725;60;EB-1136;8;USD;43924;9455.8;5851.1;20181009
500000726;70;BX-1012;6;USD;53533;1255.4;62736.6;20181009
500000727;80;CB-1163;8;USD;76022;7835.9;51902.4;20181009
500000728;90;MB-1033;8;USD;49230;3680.1;48181.9;20181009
500000729;10;DB-1081;9;USD;29097;5421.2;5292;20181010
500000730;20;MB-1031;2;USD;16998;5185.5;89569.4;20181010
500000731;30;RC-1054;9;USD;8986;6922.5;25462.5;20181010
500000732;40;CB-1163;6;USD;97311;17191.5;136871;20181010
500000733;50;HB-1174;4;USD;79857;3674.2;41839;20181010
500000734;60;RO-1001;7;USD;18841;7414.6;2839.4;20181010
500000735;70;EB-1132;5;USD;12693;6337;24667.1;20181010
500000736;80;EB-1131;2;USD;29441;15519.6;42956.4;20181010
500000737;90;BX-1015;10;USD;69265;360;133938.9;20181010
500000738;10;DB-1081;5;USD;53830;400.4;8652.9;20181006
500000739;20;RC-1057;2;USD;50763;1011.4;60606.9;20181006
500000740;10;DB-1083;2;USD;43638;756;44442.1;20181016
500000741;20;RO-1003;5;USD;49093;12094.9;45402.9;20181016
500000742;10;DB-1081;2;USD;135856;12628;50645;20181014
500000743;20;EB-1136;4;USD;14874;7775.5;30783.4;20181014
500000744;30;CC-1023;6;USD;84470;9848.5;67488.8;20181014
500000745;40;BX-1013;5;USD;16576;1698.4;13676.2;20181014
500000746;10;EB-1137;9;USD;59796;868.8;15321.2;20181014
500000747;20;RC-1051;9;USD;82097;10270.8;1396.5;20181014
500000748;30;RC-1055;4;USD;62687;8262.2;12956.1;20181014
500000749;40;RC-1053;1;USD;54809;6447;75852.9;20181014
500000750;50;HB-1173;7;USD;32734;7844.4;75902.8;20181014
500000751;60;DB-1083;6;USD;71013;9676.9;134724.6;20181014
500000752;70;MB-1032;3;USD;22378;1199.1;7343.9;20181014
500000753;80;RO-1001;3;USD;23778;1656;75481;20181014
500000754;90;MB-1033;2;USD;90216;21748.4;38757.2;20181014
500000755;10;BX-1013;9;USD;28191;5748.2;11888.6;20181004
500000756;20;EB-1134;2;USD;43370;9235;145037.4;20181004
500000757;30;EB-1134;4;USD;102365;1377;25459.9;20181004
500000758;40;HB-1175;3;USD;62755;2747.5;136871;20181004
500000759;50;BX-1012;2;USD;34807;1236.1;26656;20181004
500000760;60;BX-1011;10;USD;50791;898.9;91186.4;20181004
500000761;70;HB-1175;10;USD;43268;1586.6;91186.4;20181004
500000762;10;BX-1015;10;USD;62204;5490.5;83615.9;20181016
500000763;20;HB-1172;4;USD;80064;15731.1;1186.5;20181016
500000764;30;CB-1162;1;USD;173567;9633.1;12012;20181016
500000765;40;HB-1174;4;USD;115202;1033.2;56954.6;20181016
500000766;50;MB-1034;2;USD;68558;5748.2;47957.9;20181016
500000767;60;RO-1001;10;USD;44276;6561.1;47957.9;20181016
500000768;70;CC-1023;7;USD;137532;3637.5;85821.8;20181016
500000769;80;RC-1054;5;USD;62755;7414.6;75481;20181016
500000770;10;BX-1015;3;USD;75228;5977;34916.9;20181006
500000771;20;HB-1173;1;USD;64578;6498.1;54910.6;20181006
500000772;30;RC-1056;10;USD;47816;1761.9;11231.5;20181006
500000773;40;DB-1083;10;USD;49230;1716;28081.4;20181006
500000774;50;EB-1135;10;USD;55623;1577.8;83708.6;20181006
500000775;60;CB-1163;4;USD;95561;4156.5;47957.9;20181006
500000776;70;CB-1162;7;USD;126885;6851.1;2512.1;20181006
500000777;80;CC-1021;7;USD;104374;1236.1;111024.4;20181006
500000778;90;BX-1013;3;USD;29389;1656;2802.6;20181006
500000779;10;RC-1053;10;USD;43992;19246.4;28642.2;20181013
500000780;20;BX-1016;6;USD;104790;10945.1;48628.1;20181013
500000781;30;HB-1171;1;USD;6951;1561.9;3491.2;20181013
500000782;40;HB-1171;1;USD;33252;3637.5;331.6;20181013
500000783;50;HB-1174;6;USD;41279;6922.5;43358;20181013
500000784;10;RC-1055;6;USD;43491;18828.9;116965.6;20181023
500000785;20;EB-1136;5;USD;45655;12086.9;26894.9;20181023
500000786;30;BX-1013;3;USD;63743;20719.6;29232.9;20181023
500000787;40;RC-1057;6;USD;9600;7414.6;56505.8;20181023
500000788;50;HB-1176;5;USD;131393;6337;84608.1;20181023
500000789;60;HB-1176;7;USD;101024;22868.9;12054.9;20181023
500000790;70;HB-1171;2;USD;23778;8345.4;44534.9;20181023
500000791;80;EB-1133;7;USD;102586;1033.2;48357.8;20181023
500000792;10;HB-1175;6;USD;77065;8927;94195.5;20181017
500000793;20;HB-1175;9;USD;11016;2711.9;2839.4;20181017
500000794;30;HB-1174;2;USD;102365;12628;24575.2;20181017
500000795;40;BX-1014;2;USD;97311;6743.6;71933.8;20181017
500000796;50;RO-1002;10;USD;77065;8658.1;8400;20181017
500000797;60;CB-1161;6;USD;12622;2894.4;48181.9;20181017
500000798;70;DB-1082;4;USD;53949;11624.4;39048.6;20181017
500000799;80;BX-1014;7;USD;127657;1125;30783.4;20181017
500000800;90;HB-1175;9;USD;35580;13847.2;93905.9;20181017
500000801;100;MB-1031;6;USD;1266;18828.9;72184.9;20181017
500000802;10;MB-1034;6;USD;379;2797.2;38757.2;20181015
500000803;20;EB-1132;9;USD;43924;6479;72184.9;20181015
500000804;30;BX-1013;4;USD;77415;8911.1;83615.9;20181015
500000805;10;RO-1001;6;USD;83483;3637.5;44442.1;20181103
500000806;20;RC-1054;3;USD;133675;6499.6;28081.4;20181103
500000807;30;HB-1174;4;USD;37505;3673.6;108637.4;20181103
500000808;40;HB-1171;1;USD;182951;3523.9;5851.1;20181103
500000809;10;CB-1161;9;USD;150631;750.4;34916.9;20181026
500000810;20;RC-1051;9;USD;37718;6908.2;2512.1;20181026
500000811;30;DB-1081;7;USD;49093;7514.1;67738.1;20181026
500000812;40;EB-1135;3;USD;73949;8826.9;38054.6;20181026
500000813;50;RC-1053;1;USD;29394;8054.1;37187.5;20181026
500000814;60;MB-1032;8;USD;53830;8262.2;24075.6;20181026
500000815;10;HB-1174;7;USD;123784;20719.6;62063.8;20181013
500000816;20;HB-1174;5;USD;104374;1656;111894.1;20181013
500000817;30;MB-1033;9;USD;60113;6908.2;69874.9;20181013
500000818;10;MB-1033;6;USD;55065;5421.2;29653.8;20181023
500000819;20;RC-1051;6;USD;6951;5199.9;111699.9;20181023
500000820;30;CB-1163;10;USD;137532;8770.2;102236.8;20181023
500000821;40;RC-1055;10;USD;1266;13694.2;30903.2;20181023
500000822;50;EB-1134;4;USD;103772;11959.1;10132.5;20181023
500000823;60;BX-1015;5;USD;2288;9925;26656;20181023
500000824;70;CC-1021;6;USD;62193;174.8;81046.9;20181023
500000825;80;BX-1014;1;USD;2241;6345.4;58261;20181023
500000826;10;EB-1137;2;USD;71977;2355.1;84608.1;20181010
500000827;20;MB-1032;3;USD;100036;750.4;38757.2;20181010
500000828;30;RC-1055;1;USD;20968;4714.8;71895.2;20181010
500000829;40;CB-1162;2;USD;13587;4434.9;16485.9;20181010
500000830;50;EB-1131;5;USD;83483;8911.1;20260.6;20181010
500000831;60;RC-1053;3;USD;105359;4622.4;30456.1;20181010
500000832;70;DB-1082;1;USD;62302;6999.8;117535.2;20181010
500000833;10;BX-1015;9;USD;26337;2747.5;85328.2;20181013
500000834;20;RC-1051;8;USD;70063;11959.1;47101.2;20181013
500000835;30;MB-1034;2;USD;126885;15448;39948.1;20181013
500000836;40;BX-1015;2;USD;26337;9641.2;104880.1;20181013
500000837;50;EB-1135;9;USD;96759;7775.5;160082.1;20181013
500000838;60;EB-1137;5;USD;32734;6946.9;7875;20181013
500000839;70;MB-1031;7;USD;51997;3934.2;45402.9;20181013
500000840;80;DB-1083;8;USD;38783;9567.8;63604.6;20181013
500000841;90;BX-1013;2;USD;14807;7844.4;36311.6;20181013
500000842;10;EB-1131;9;USD;44276;13694.2;43358;20181020
500000843;20;EB-1132;2;USD;40539;13415.1;53463.4;20181020
500000844;30;CB-1161;9;USD;53533;3680.1;61305.1;20181020
500000845;40;MB-1033;4;USD;73880;10262.1;69475;20181020
500000846;50;CC-1022;9;USD;43268;19657.6;48116.2;20181020
500000847;60;EB-1136;3;USD;95368;19134.1;13014.8;20181020
500000848;10;HB-1175;4;USD;68558;7570.8;27561.6;20181113
500000849;20;RO-1001;10;USD;86264;13415.1;86993.4;20181113
500000850;30;RC-1055;1;USD;2288;17191.5;37948.8;20181113
500000851;40;BX-1015;9;USD;157214;9633.1;61572;20181113
500000852;50;BX-1015;2;USD;33252;13098.8;42956.4;20181113
500000853;60;CB-1163;9;USD;110778;756;62723.5;20181113
500000854;70;RO-1001;9;USD;98082;12723.2;48628.1;20181113
500000855;80;DB-1082;9;USD;55380;5536.8;12956.1;20181113
500000856;90;MB-1033;10;USD;1596;6922.5;30903.2;20181113
500000857;10;RO-1003;4;USD;20880;12723.2;51782.5;20181031
500000858;20;DB-1083;10;USD;84470;8638.6;65824.5;20181031
500000859;10;CC-1023;10;USD;38783;4988.1;55775.1;20181108
500000860;20;HB-1175;7;USD;81501;3573.4;92189.1;20181108
500000861;30;BX-1013;6;USD;23778;6922.5;20722.6;20181108
500000862;40;MB-1032;5;USD;38783;174.8;20640.4;20181108
500000863;50;RO-1001;10;USD;61793;6539;45773;20181108
500000864;60;MB-1031;7;USD;33076;6883.1;5425.9;20181108
500000865;70;CB-1162;2;USD;73880;19246.4;84805.9;20181108
500000866;80;EB-1131;7;USD;61793;1255.4;38757.2;20181108
500000867;90;CC-1023;9;USD;86746;7835.9;96930.8;20181108
500000868;100;RC-1055;1;USD;14874;756;39412.6;20181108
500000869;10;CC-1023;7;USD;35181;1716;40656;20181106
500000870;20;EB-1132;10;USD;150631;10558.8;108136;20181106
500000871;30;MB-1034;3;USD;43924;19246.4;50098.1;20181106
500000872;40;HB-1172;8;USD;51889;8876.6;120340.5;20181106
500000873;50;HB-1171;9;USD;53830;3673.6;61788.1;20181106
500000874;60;CC-1021;6;USD;49893;7048.5;114968.9;20181106
500000875;70;DB-1081;4;USD;95673;14605.2;34916.9;20181106
500000876;80;EB-1135;2;USD;15643;5185.5;24075.6;20181106
500000877;90;BX-1011;2;USD;73880;2894.4;54851.1;20181106
500000878;100;CB-1162;3;USD;57255;3637.1;95158;20181106
500000879;10;BX-1011;1;USD;67009;6236.6;7875;20181028
500000880;20;RC-1057;10;USD;57864;12189.8;69414.6;20181028
500000881;30;BX-1013;10;USD;38783;1851.2;66974.2;20181028
500000882;40;DB-1081;1;USD;53830;21748.4;62979.9;20181028
500000883;50;EB-1137;1;USD;85808;9461.6;98973;20181028
500000884;60;BX-1014;10;USD;49093;10843.2;64031.6;20181028
500000885;70;MB-1034;5;USD;182951;7414.6;1089.4;20181028
500000886;80;RO-1003;10;USD;1245;9633.1;36311.6;20181028
500000887;90;CC-1023;9;USD;112475;8376.1;36298.5;20181028
500000888;100;RC-1055;10;USD;6950;16626.2;26714.6;20181028
500000889;10;BX-1016;9;USD;95368;8637.6;9639;20181114
500000890;20;BX-1014;4;USD;105359;4447.5;72375.6;20181114
500000891;30;EB-1134;10;USD;145567;7570.8;61572;20181114
500000892;40;RC-1052;4;USD;52312;9982.1;105617.8;20181114
500000893;10;RC-1056;10;USD;47703;775.1;95158;20181114
500000894;20;CB-1161;2;USD;14095;8927;46379.4;20181114
500000895;30;EB-1134;1;USD;77608;6499.6;7079.6;20181114
500000896;40;EB-1135;9;USD;379;11578.1;75082;20181114
500000897;50;CC-1023;4;USD;112475;3639.8;45402.9;20181114
500000898;60;EB-1136;8;USD;54809;4988.1;29095.5;20181114
500000899;70;CC-1021;5;USD;69101;7775.5;44417.6;20181114
500000900;10;EB-1132;7;USD;12622;19553;43076.2;20181110
500000901;20;HB-1171;6;USD;89743;6743.6;29653.8;20181110
500000902;30;DB-1082;10;USD;6687;1033.2;9031.8;20181110
500000903;40;BX-1011;10;USD;31474;8323;15306.4;20181110
500000904;50;RC-1052;5;USD;15643;21748.4;116383.8;20181110
500000905;60;MB-1033;8;USD;28086;9701;75481;20181110
500000906;70;HB-1173;9;USD;1598;2188.8;15306.4;20181110
500000907;80;EB-1132;5;USD;34807;498.8;72375.6;20181110
500000908;90;RO-1001;8;USD;192075;13097.5;19129.2;20181110
500000909;100;BX-1013;3;USD;11016;155.6;50631;20181110
500000910;10;MB-1033;7;USD;16576;5067.4;40237.8;20181107
500000911;20;RC-1055;4;USD;78788;4011.6;30783.4;20181107
500000912;30;CC-1023;3;USD;12622;8770.2;43656.4;20181107
500000913;40;RC-1057;8;USD;103772;2797.2;85821.8;20181107
500000914;10;BX-1011;7;USD;2288;15860.6;96085.5;20181103
500000915;20;CC-1023;8;USD;51997;15519.6;56378.9;20181103
500000916;30;EB-1137;5;USD;126885;20719.6;22420.1;20181103
500000917;10;CB-1161;1;USD;102586;13726.5;61788.1;20181126
500000918;20;DB-1083;6;USD;69265;5187.4;38741.5;20181126
500000919;30;EB-1134;9;USD;72691;199.8;78525.1;20181126
500000920;40;RO-1001;7;USD;29389;6479;67738.1;20181126
500000921;10;HB-1176;5;USD;71977;12094.9;10933.1;20181111
500000922;20;MB-1031;6;USD;8266;1716;3843;20181111
500000923;10;RC-1054;2;USD;60113;13415.1;94195.5;20181116
500000924;20;RC-1056;7;USD;56388;14463.1;47101.2;20181116
500000925;30;BX-1013;2;USD;26337;20719.6;43076.2;20181116
500000926;10;MB-1034;8;USD;46601;11945.1;96844.1;20181126
500000927;20;EB-1133;3;USD;3245;9925;84805.9;20181126
500000928;30;BX-1016;6;USD;15643;4350.9;25715.4;20181126
500000929;40;HB-1173;3;USD;20968;15519.6;38741.5;20181126
500000930;50;EB-1135;5;USD;63743;2355.1;169738.6;20181126
500000931;60;HB-1173;6;USD;76542;9925;52598.9;20181126
500000932;70;DB-1083;8;USD;61793;16982;151871.1;20181126
500000933;10;RC-1055;7;USD;113112;5199.9;50645;29991212
500000934;20;EB-1132;9;USD;73949;3292.1;25760.9;29991212
500000935;30;CC-1023;1;USD;38007;6486.1;5425.9;29991212
500000936;40;BX-1012;2;USD;55575;7724.1;110444.2;29991212
500000937;10;MB-1031;3;USD;77130;7048.5;62979.9;20181203
500000938;20;EB-1134;9;USD;52489;360;134724.6;20181203
500000939;30;RC-1055;6;USD;13345;6345.4;52767.8;20181203
500000940;40;BX-1015;2;USD;63743;9369;11231.5;20181203
500000941;50;RC-1052;3;USD;11580;9502.8;127371.1;20181203
500000942;60;HB-1173;4;USD;124157;11624.4;83986.9;20181203
500000943;70;CB-1161;1;USD;12693;13026.6;46379.4;20181203
500000944;80;EB-1133;7;USD;43924;756;15306.4;20181203
500000945;90;MB-1033;6;USD;86805;4091.8;25459.9;20181203
500000946;10;CC-1021;2;USD;145567;169.5;20722.6;20181207
500000947;20;BX-1012;1;USD;13587;24009.4;25459.9;20181207
500000948;30;DB-1081;8;USD;38783;8997.1;67738.1;20181207
500000949;40;RC-1054;10;USD;69265;6046.6;62136.4;20181207
500000950;50;EB-1134;1;USD;102586;7967.9;137603.4;20181207
500000951;60;HB-1173;4;USD;105359;1859.2;44417.6;20181207
500000952;10;MB-1034;8;USD;182951;4750.9;45402.9;20181113
500000953;20;DB-1083;3;USD;123584;8637.6;73911.2;20181113
500000954;10;HB-1175;8;USD;2871;3816.4;37857.8;20181205
500000955;20;EB-1137;7;USD;43266;14982.9;108136;20181205
500000956;30;EB-1134;8;USD;74952;2960.4;89569.4;20181205
500000957;40;HB-1176;9;USD;49093;775.1;118874;20181205
500000958;50;BX-1013;2;USD;150631;5408.2;2512.1;20181205
500000959;60;CC-1022;8;USD;79101;1011.4;104880.1;20181205
500000960;70;BX-1013;9;USD;1266;6908.2;108637.4;20181205
500000961;10;BX-1011;5;USD;6003;199.8;43656.4;20181211
500000962;10;HB-1173;3;USD;3245;10948.9;11888.6;20181124
500000963;20;BX-1011;1;USD;29394;1722.1;133938.9;20181124
500000964;30;EB-1134;5;USD;133010;6691.6;45614.6;20181124
500000965;40;EB-1134;7;USD;182951;5977;83713.9;20181124
500000966;10;RC-1052;10;USD;115705;1199.1;73047.6;20181125
500000967;20;BX-1011;2;USD;133010;15473;60431.9;20181125
500000968;30;BX-1014;3;USD;9593;2188.8;54514.2;20181125
500000969;40;CB-1163;7;USD;29394;2621;45927.9;20181125
500000970;50;HB-1175;2;USD;79331;750.4;11044.2;20181125
500000971;60;HB-1171;4;USD;123784;16424.1;44359;20181125
500000972;70;EB-1137;8;USD;73179;10262.1;11592;20181125
500000973;80;BX-1013;8;USD;72691;6236.6;5425.9;20181125
500000974;90;RC-1057;7;USD;32734;9848.5;41740.1;20181125
500000975;100;BX-1015;9;USD;13777;3637.1;45353;20181125
500000976;10;DB-1082;8;USD;70162;13169.9;50098.1;20181214
500000977;20;BX-1011;7;USD;55623;9196.6;57835.8;20181214
500000978;30;EB-1134;9;USD;14810;7474.5;54068.9;20181214
500000979;40;RC-1055;7;USD;53005;4988.1;64376.4;20181214
500000980;50;RC-1057;8;USD;74136;2894.4;49339.5;20181214
500000981;60;BX-1015;7;USD;192075;7156.9;52598.9;20181214
500000982;70;HB-1175;1;USD;101024;5499;83708.6;20181214
500000983;80;HB-1171;10;USD;44627;5808;83713.9;20181214
500000984;90;BX-1013;4;USD;44276;8816;10132.5;20181214
500000985;10;RC-1053;1;USD;12989;2621;11592;20181203
500000986;20;RC-1055;6;USD;71455;14463.1;37187.5;20181203
500000987;30;EB-1132;2;USD;21862;7397.5;62063.8;20181203
500000988;40;BX-1016;7;USD;87591;17536.6;44442.1;20181203
500000989;50;EB-1131;2;USD;173567;8876.6;29653.8;20181203
500000990;60;MB-1031;5;USD;99421;2049.9;81046.9;20181203
500000991;10;HB-1172;1;USD;55575;3842.1;102236.8;20181126
500000992;20;RO-1003;5;USD;44294;12504.5;12956.1;20181126
500000993;30;CB-1163;4;USD;120706;868.8;37187.5;20181126
500000994;40;RC-1052;9;USD;9593;3673.6;58417.6;20181126
500000995;50;RO-1002;3;USD;51608;12795.6;20640.4;20181126
500000996;60;CB-1162;2;USD;47816;8402.4;15321.2;20181126
500000997;70;CC-1023;9;USD;51832;10836.1;75852.9;20181126
500000998;80;EB-1137;8;USD;84470;1236.1;2802.6;20181126
500000999;10;RC-1052;4;USD;8266;2133.2;69684.1;20181211
500001000;20;EB-1137;1;USD;153971;12115.1;61788.1;20181211
500001001;30;RC-1052;6;USD;81501;155.6;66231.4;20181211
